id,timestamp,package_name,additional_data,research_experiment,experiment_group,video_title,video_id
4521515,1749514748,ai.elimu.filamu,,,,piper,1
4521516,1749514805,ai.elimu.filamu,{'video_playback_position_ms': 26414},,,piper,1
4521517,1749514834,ai.elimu.filamu,,,,piper,1
4521518,1749514852,ai.elimu.filamu,{'video_playback_position_ms': 54914},,,piper,1
4521519,1749599821,ai.elimu.filamu,,,,piper,1
4521520,1749599846,ai.elimu.filamu,{'video_playback_position_ms': 33276},,,piper,1
4521521,1749599936,ai.elimu.filamu,,,,piper,1
4521522,1749599983,ai.elimu.filamu,{'video_playback_position_ms': 33436},,,piper,1
4521523,1749600099,ai.elimu.filamu,,,,piper,1
4521524,1749600111,ai.elimu.filamu,{'video_playback_position_ms': 25583},,,piper,1
4521525,1749600175,ai.elimu.filamu,,,,piper,1
4521526,1749600226,ai.elimu.filamu,{'video_playback_position_ms': 22994},,,piper,1
4521527,1749600281,ai.elimu.filamu,,,,piper,1
4521528,1749600298,ai.elimu.filamu,{'video_playback_position_ms': 1819},,,piper,1
4521529,1749600332,ai.elimu.filamu,,,,piper,1
4521530,1749600360,ai.elimu.filamu,{'video_playback_position_ms': 6977},,,piper,1
4521531,1749600406,ai.elimu.filamu,,,,piper,1
4521532,1749600438,ai.elimu.filamu,{'video_playback_position_ms': 12718},,,piper,1
4521533,1749600466,ai.elimu.filamu,,,,piper,1
4521534,1749600474,ai.elimu.filamu,{'video_playback_position_ms': 19883},,,piper,1
4521535,1749600492,ai.elimu.filamu,,,,piper,1
4521536,1749600516,ai.elimu.filamu,{'video_playback_position_ms': 57370},,,piper,1
4521537,1749600583,ai.elimu.filamu,,,,piper,1
4521538,1749600639,ai.elimu.filamu,{'video_playback_position_ms': 1552},,,piper,1
4521539,1749600754,ai.elimu.filamu,,,,piper,1
4521540,1749600808,ai.elimu.filamu,{'video_playback_position_ms': 38911},,,piper,1
4521541,1749600868,ai.elimu.filamu,,,,piper,1
4521542,1749600893,ai.elimu.filamu,{'video_playback_position_ms': 40980},,,piper,1
4521543,1749600963,ai.elimu.filamu,,,,piper,1
4521544,1749601007,ai.elimu.filamu,{'video_playback_position_ms': 16003},,,piper,1
4521545,1749601025,ai.elimu.filamu,,,,piper,1
4521546,1749601070,ai.elimu.filamu,{'video_playback_position_ms': 55864},,,piper,1
4521547,1749601124,ai.elimu.filamu,,,,piper,1
4521548,1749601161,ai.elimu.filamu,{'video_playback_position_ms': 48151},,,piper,1
4521549,1749601275,ai.elimu.filamu,,,,piper,1
4521550,1749601326,ai.elimu.filamu,{'video_playback_position_ms': 45351},,,piper,1
4521551,1749601414,ai.elimu.filamu,,,,piper,1
4521552,1749601447,ai.elimu.filamu,{'video_playback_position_ms': 10144},,,piper,1
4521553,1749601482,ai.elimu.filamu,,,,piper,1
4521554,1749601484,ai.elimu.filamu,{'video_playback_position_ms': 14434},,,piper,1
4521555,1749601590,ai.elimu.filamu,,,,piper,1
4521556,1749601623,ai.elimu.filamu,{'video_playback_position_ms': 36704},,,piper,1
4521683,1749775319,ai.elimu.filamu,,,,piper,1
4521684,1749775369,ai.elimu.filamu,{'video_playback_position_ms': 53959},,,piper,1
4521685,1749775419,ai.elimu.filamu,,,,piper,1
4521686,1749775473,ai.elimu.filamu,{'video_playback_position_ms': 39632},,,piper,1
4521687,1749775501,ai.elimu.filamu,,,,piper,1
4521688,1749775543,ai.elimu.filamu,{'video_playback_position_ms': 3890},,,piper,1
4521689,1749775623,ai.elimu.filamu,,,,piper,1
4521690,1749775664,ai.elimu.filamu,{'video_playback_position_ms': 24928},,,piper,1
4521691,1749775744,ai.elimu.filamu,,,,piper,1
4521692,1749775790,ai.elimu.filamu,{'video_playback_position_ms': 56743},,,piper,1
4521693,1749775846,ai.elimu.filamu,,,,piper,1
4521694,1749775890,ai.elimu.filamu,{'video_playback_position_ms': 8627},,,piper,1
4521695,1749775953,ai.elimu.filamu,,,,piper,1
4521696,1749776004,ai.elimu.filamu,{'video_playback_position_ms': 28053},,,piper,1
4521697,1749776022,ai.elimu.filamu,,,,piper,1
4521698,1749776079,ai.elimu.filamu,{'video_playback_position_ms': 11791},,,piper,1
4521699,1749776095,ai.elimu.filamu,,,,piper,1
4521700,1749776112,ai.elimu.filamu,{'video_playback_position_ms': 4320},,,piper,1
4521725,1749781941,ai.elimu.filamu,,,,piper,1
4521726,1749781973,ai.elimu.filamu,{'video_playback_position_ms': 58007},,,piper,1
4521727,1749782076,ai.elimu.filamu,,,,piper,1
4521728,1749782134,ai.elimu.filamu,{'video_playback_position_ms': 2593},,,piper,1
4521729,1749782219,ai.elimu.filamu,,,,piper,1
4521730,1749782255,ai.elimu.filamu,{'video_playback_position_ms': 14241},,,piper,1
4521731,1749782369,ai.elimu.filamu,,,,piper,1
4521732,1749782383,ai.elimu.filamu,{'video_playback_position_ms': 12570},,,piper,1
4521733,1749782459,ai.elimu.filamu,,,,piper,1
4521734,1749782518,ai.elimu.filamu,{'video_playback_position_ms': 10140},,,piper,1
4521735,1749782565,ai.elimu.filamu,,,,piper,1
4521736,1749782570,ai.elimu.filamu,{'video_playback_position_ms': 39549},,,piper,1
4521737,1749782641,ai.elimu.filamu,,,,piper,1
4521738,1749782668,ai.elimu.filamu,{'video_playback_position_ms': 39106},,,piper,1
4521739,1749782758,ai.elimu.filamu,,,,piper,1
4521740,1749782778,ai.elimu.filamu,{'video_playback_position_ms': 27255},,,piper,1
4521741,1749782845,ai.elimu.filamu,,,,piper,1
4521742,1749782857,ai.elimu.filamu,{'video_playback_position_ms': 30468},,,piper,1
4521743,1749782899,ai.elimu.filamu,,,,piper,1
4521744,1749782951,ai.elimu.filamu,{'video_playback_position_ms': 13433},,,piper,1
4521745,1749783002,ai.elimu.filamu,,,,piper,1
4521746,1749783037,ai.elimu.filamu,{'video_playback_position_ms': 45546},,,piper,1
4521747,1749783148,ai.elimu.filamu,,,,piper,1
4521748,1749783179,ai.elimu.filamu,{'video_playback_position_ms': 24871},,,piper,1
4521789,1749861525,ai.elimu.filamu,,,,piper,1
4521790,1749861548,ai.elimu.filamu,{'video_playback_position_ms': 21545},,,piper,1
4521791,1749861629,ai.elimu.filamu,,,,piper,1
4521792,1749861659,ai.elimu.filamu,{'video_playback_position_ms': 20965},,,piper,1
4521793,1749861762,ai.elimu.filamu,,,,piper,1
4521794,1749861808,ai.elimu.filamu,{'video_playback_position_ms': 31710},,,piper,1
4521795,1749861867,ai.elimu.filamu,,,,piper,1
4521796,1749861898,ai.elimu.filamu,{'video_playback_position_ms': 7234},,,piper,1
4521797,1749861921,ai.elimu.filamu,,,,piper,1
4521798,1749861974,ai.elimu.filamu,{'video_playback_position_ms': 55484},,,piper,1
4521799,1749862066,ai.elimu.filamu,,,,piper,1
4521800,1749862123,ai.elimu.filamu,{'video_playback_position_ms': 1511},,,piper,1
4521801,1749862154,ai.elimu.filamu,,,,piper,1
4521802,1749862174,ai.elimu.filamu,{'video_playback_position_ms': 33288},,,piper,1
4521803,1749862286,ai.elimu.filamu,,,,piper,1
4521804,1749862307,ai.elimu.filamu,{'video_playback_position_ms': 31626},,,piper,1
4521819,1749948755,ai.elimu.filamu,,,,piper,1
4521820,1749948761,ai.elimu.filamu,{'video_playback_position_ms': 20650},,,piper,1
4521821,1749948831,ai.elimu.filamu,,,,piper,1
4521822,1749948881,ai.elimu.filamu,{'video_playback_position_ms': 7314},,,piper,1
4521823,1749948951,ai.elimu.filamu,,,,piper,1
4521824,1749948975,ai.elimu.filamu,{'video_playback_position_ms': 31500},,,piper,1
4521825,1749949056,ai.elimu.filamu,,,,piper,1
4521826,1749949080,ai.elimu.filamu,{'video_playback_position_ms': 39442},,,piper,1
4521827,1749949133,ai.elimu.filamu,,,,piper,1
4521828,1749949136,ai.elimu.filamu,{'video_playback_position_ms': 37756},,,piper,1
4521829,1749949186,ai.elimu.filamu,,,,piper,1
4521830,1749949212,ai.elimu.filamu,{'video_playback_position_ms': 46115},,,piper,1
4521831,1749949284,ai.elimu.filamu,,,,piper,1
4521832,1749949329,ai.elimu.filamu,{'video_playback_position_ms': 14840},,,piper,1
4521833,1749949441,ai.elimu.filamu,,,,piper,1
4521834,1749949483,ai.elimu.filamu,{'video_playback_position_ms': 46865},,,piper,1
4521835,1749949588,ai.elimu.filamu,,,,piper,1
4521836,1749949642,ai.elimu.filamu,{'video_playback_position_ms': 41026},,,piper,1
4521837,1749949687,ai.elimu.filamu,,,,piper,1
4521838,1749949694,ai.elimu.filamu,{'video_playback_position_ms': 59283},,,piper,1
4521839,1749949760,ai.elimu.filamu,,,,piper,1
4521840,1749949774,ai.elimu.filamu,{'video_playback_position_ms': 22646},,,piper,1
4521841,1749949868,ai.elimu.filamu,,,,piper,1
4521842,1749949890,ai.elimu.filamu,{'video_playback_position_ms': 50075},,,piper,1
4521843,1749949926,ai.elimu.filamu,,,,piper,1
4521844,1749949957,ai.elimu.filamu,{'video_playback_position_ms': 26487},,,piper,1
4521845,1749950040,ai.elimu.filamu,,,,piper,1
4521846,1749950045,ai.elimu.filamu,{'video_playback_position_ms': 20731},,,piper,1
4521847,1749950099,ai.elimu.filamu,,,,piper,1
4521848,1749950137,ai.elimu.filamu,{'video_playback_position_ms': 9421},,,piper,1
4521849,1749950204,ai.elimu.filamu,,,,piper,1
4521850,1749950219,ai.elimu.filamu,{'video_playback_position_ms': 26624},,,piper,1
4521851,1749950282,ai.elimu.filamu,,,,piper,1
4521852,1749950336,ai.elimu.filamu,{'video_playback_position_ms': 27097},,,piper,1
4521899,1750033447,ai.elimu.filamu,,,,piper,1
4521900,1750033469,ai.elimu.filamu,{'video_playback_position_ms': 56618},,,piper,1
4521901,1750033489,ai.elimu.filamu,,,,piper,1
4521902,1750033531,ai.elimu.filamu,{'video_playback_position_ms': 20166},,,piper,1
4521903,1750033607,ai.elimu.filamu,,,,piper,1
4521904,1750033631,ai.elimu.filamu,{'video_playback_position_ms': 44699},,,piper,1
4521905,1750033675,ai.elimu.filamu,,,,piper,1
4521906,1750033722,ai.elimu.filamu,{'video_playback_position_ms': 7270},,,piper,1
4521907,1750033825,ai.elimu.filamu,,,,piper,1
4521908,1750033880,ai.elimu.filamu,{'video_playback_position_ms': 37738},,,piper,1
4521909,1750033941,ai.elimu.filamu,,,,piper,1
4521910,1750033996,ai.elimu.filamu,{'video_playback_position_ms': 7514},,,piper,1
4521911,1750034049,ai.elimu.filamu,,,,piper,1
4521912,1750034108,ai.elimu.filamu,{'video_playback_position_ms': 24814},,,piper,1
4521913,1750034179,ai.elimu.filamu,,,,piper,1
4521914,1750034199,ai.elimu.filamu,{'video_playback_position_ms': 38591},,,piper,1
4521915,1750034223,ai.elimu.filamu,,,,piper,1
4521916,1750034237,ai.elimu.filamu,{'video_playback_position_ms': 14149},,,piper,1
4521917,1750034306,ai.elimu.filamu,,,,piper,1
4521918,1750034318,ai.elimu.filamu,{'video_playback_position_ms': 37910},,,piper,1
4521935,1750123196,ai.elimu.filamu,,,,piper,1
4521936,1750123205,ai.elimu.filamu,{'video_playback_position_ms': 29990},,,piper,1
4521937,1750123258,ai.elimu.filamu,,,,piper,1
4521938,1750123269,ai.elimu.filamu,{'video_playback_position_ms': 42316},,,piper,1
4521939,1750123289,ai.elimu.filamu,,,,piper,1
4521940,1750123331,ai.elimu.filamu,{'video_playback_position_ms': 20582},,,piper,1
4521987,1750206567,ai.elimu.filamu,,,,piper,1
4521988,1750206601,ai.elimu.filamu,{'video_playback_position_ms': 13660},,,piper,1
4521989,1750206683,ai.elimu.filamu,,,,piper,1
4521990,1750206710,ai.elimu.filamu,{'video_playback_position_ms': 52887},,,piper,1
4521991,1750206794,ai.elimu.filamu,,,,piper,1
4521992,1750206843,ai.elimu.filamu,{'video_playback_position_ms': 38343},,,piper,1
4521993,1750206913,ai.elimu.filamu,,,,piper,1
4521994,1750206959,ai.elimu.filamu,{'video_playback_position_ms': 14507},,,piper,1
4521995,1750206982,ai.elimu.filamu,,,,piper,1
4521996,1750207030,ai.elimu.filamu,{'video_playback_position_ms': 7036},,,piper,1
4521997,1750207116,ai.elimu.filamu,,,,piper,1
4521998,1750207126,ai.elimu.filamu,{'video_playback_position_ms': 27898},,,piper,1
4521999,1750207234,ai.elimu.filamu,,,,piper,1
4522000,1750207282,ai.elimu.filamu,{'video_playback_position_ms': 15756},,,piper,1
4522001,1750207310,ai.elimu.filamu,,,,piper,1
4522002,1750207335,ai.elimu.filamu,{'video_playback_position_ms': 28878},,,piper,1
4522003,1750207380,ai.elimu.filamu,,,,piper,1
4522004,1750207426,ai.elimu.filamu,{'video_playback_position_ms': 4720},,,piper,1
4522005,1750207487,ai.elimu.filamu,,,,piper,1
4522006,1750207506,ai.elimu.filamu,{'video_playback_position_ms': 46973},,,piper,1
4522007,1750207527,ai.elimu.filamu,,,,piper,1
4522008,1750207564,ai.elimu.filamu,{'video_playback_position_ms': 42357},,,piper,1
4522009,1750207583,ai.elimu.filamu,,,,piper,1
4522010,1750207594,ai.elimu.filamu,{'video_playback_position_ms': 51728},,,piper,1
4522061,1750292756,ai.elimu.filamu,,,,piper,1
4522062,1750292759,ai.elimu.filamu,{'video_playback_position_ms': 32730},,,piper,1
4522063,1750292811,ai.elimu.filamu,,,,piper,1
4522064,1750292870,ai.elimu.filamu,{'video_playback_position_ms': 59796},,,piper,1
4522065,1750292901,ai.elimu.filamu,,,,piper,1
4522066,1750292931,ai.elimu.filamu,{'video_playback_position_ms': 54796},,,piper,1
4522067,1750293018,ai.elimu.filamu,,,,piper,1
4522068,1750293028,ai.elimu.filamu,{'video_playback_position_ms': 13069},,,piper,1
4522069,1750293078,ai.elimu.filamu,,,,piper,1
4522070,1750293097,ai.elimu.filamu,{'video_playback_position_ms': 8808},,,piper,1
4522071,1750293183,ai.elimu.filamu,,,,piper,1
4522072,1750293222,ai.elimu.filamu,{'video_playback_position_ms': 9613},,,piper,1
4522073,1750293321,ai.elimu.filamu,,,,piper,1
4522074,1750293357,ai.elimu.filamu,{'video_playback_position_ms': 18368},,,piper,1
4522075,1750293432,ai.elimu.filamu,,,,piper,1
4522076,1750293463,ai.elimu.filamu,{'video_playback_position_ms': 31531},,,piper,1
4522077,1750293581,ai.elimu.filamu,,,,piper,1
4522078,1750293611,ai.elimu.filamu,{'video_playback_position_ms': 14590},,,piper,1
4522079,1750293672,ai.elimu.filamu,,,,piper,1
4522080,1750293700,ai.elimu.filamu,{'video_playback_position_ms': 8086},,,piper,1
4522081,1750293753,ai.elimu.filamu,,,,piper,1
4522082,1750293790,ai.elimu.filamu,{'video_playback_position_ms': 8602},,,piper,1
4522083,1750293850,ai.elimu.filamu,,,,piper,1
4522084,1750293869,ai.elimu.filamu,{'video_playback_position_ms': 24760},,,piper,1
4522085,1750293926,ai.elimu.filamu,,,,piper,1
4522086,1750293935,ai.elimu.filamu,{'video_playback_position_ms': 34103},,,piper,1
4522087,1750293990,ai.elimu.filamu,,,,piper,1
4522088,1750293996,ai.elimu.filamu,{'video_playback_position_ms': 26965},,,piper,1
4522163,1750379099,ai.elimu.filamu,,,,piper,1
4522164,1750379101,ai.elimu.filamu,{'video_playback_position_ms': 43893},,,piper,1
4522165,1750379220,ai.elimu.filamu,,,,piper,1
4522166,1750379269,ai.elimu.filamu,{'video_playback_position_ms': 30669},,,piper,1
4522167,1750379325,ai.elimu.filamu,,,,piper,1
4522168,1750379340,ai.elimu.filamu,{'video_playback_position_ms': 23090},,,piper,1
4522169,1750379359,ai.elimu.filamu,,,,piper,1
4522170,1750379414,ai.elimu.filamu,{'video_playback_position_ms': 10978},,,piper,1
4522213,1750464728,ai.elimu.filamu,,,,piper,1
4522214,1750464734,ai.elimu.filamu,{'video_playback_position_ms': 37748},,,piper,1
4522215,1750464763,ai.elimu.filamu,,,,piper,1
4522216,1750464771,ai.elimu.filamu,{'video_playback_position_ms': 7848},,,piper,1
4522217,1750464882,ai.elimu.filamu,,,,piper,1
4522218,1750464910,ai.elimu.filamu,{'video_playback_position_ms': 1330},,,piper,1
4522219,1750464992,ai.elimu.filamu,,,,piper,1
4522220,1750464995,ai.elimu.filamu,{'video_playback_position_ms': 24489},,,piper,1
4522221,1750465030,ai.elimu.filamu,,,,piper,1
4522222,1750465044,ai.elimu.filamu,{'video_playback_position_ms': 25168},,,piper,1
4522223,1750465080,ai.elimu.filamu,,,,piper,1
4522224,1750465084,ai.elimu.filamu,{'video_playback_position_ms': 3468},,,piper,1
4522225,1750465184,ai.elimu.filamu,,,,piper,1
4522226,1750465244,ai.elimu.filamu,{'video_playback_position_ms': 33422},,,piper,1
4522227,1750465276,ai.elimu.filamu,,,,piper,1
4522228,1750465279,ai.elimu.filamu,{'video_playback_position_ms': 1783},,,piper,1
4522229,1750465332,ai.elimu.filamu,,,,piper,1
4522230,1750465360,ai.elimu.filamu,{'video_playback_position_ms': 21091},,,piper,1
4522231,1750465425,ai.elimu.filamu,,,,piper,1
4522232,1750465431,ai.elimu.filamu,{'video_playback_position_ms': 45591},,,piper,1
4522233,1750465494,ai.elimu.filamu,,,,piper,1
4522234,1750465543,ai.elimu.filamu,{'video_playback_position_ms': 41051},,,piper,1
4522235,1750465600,ai.elimu.filamu,,,,piper,1
4522236,1750465637,ai.elimu.filamu,{'video_playback_position_ms': 59005},,,piper,1
4522237,1750465657,ai.elimu.filamu,,,,piper,1
4522238,1750465707,ai.elimu.filamu,{'video_playback_position_ms': 41102},,,piper,1
4522239,1750465799,ai.elimu.filamu,,,,piper,1
4522240,1750465833,ai.elimu.filamu,{'video_playback_position_ms': 7609},,,piper,1
4522241,1750465946,ai.elimu.filamu,,,,piper,1
4522242,1750466005,ai.elimu.filamu,{'video_playback_position_ms': 40179},,,piper,1
4522243,1750466105,ai.elimu.filamu,,,,piper,1
4522244,1750466132,ai.elimu.filamu,{'video_playback_position_ms': 49135},,,piper,1
4522245,1750466228,ai.elimu.filamu,,,,piper,1
4522246,1750466275,ai.elimu.filamu,{'video_playback_position_ms': 3799},,,piper,1
4522283,1750551953,ai.elimu.filamu,,,,piper,1
4522284,1750551959,ai.elimu.filamu,{'video_playback_position_ms': 33609},,,piper,1
4522285,1750552046,ai.elimu.filamu,,,,piper,1
4522286,1750552058,ai.elimu.filamu,{'video_playback_position_ms': 56314},,,piper,1
4522287,1750552084,ai.elimu.filamu,,,,piper,1
4522288,1750552127,ai.elimu.filamu,{'video_playback_position_ms': 43807},,,piper,1
4522289,1750552176,ai.elimu.filamu,,,,piper,1
4522290,1750552185,ai.elimu.filamu,{'video_playback_position_ms': 16474},,,piper,1
4522291,1750552291,ai.elimu.filamu,,,,piper,1
4522292,1750552325,ai.elimu.filamu,{'video_playback_position_ms': 12989},,,piper,1
4522293,1750552412,ai.elimu.filamu,,,,piper,1
4522294,1750552458,ai.elimu.filamu,{'video_playback_position_ms': 22128},,,piper,1
4522295,1750552571,ai.elimu.filamu,,,,piper,1
4522296,1750552625,ai.elimu.filamu,{'video_playback_position_ms': 41547},,,piper,1
4522297,1750552690,ai.elimu.filamu,,,,piper,1
4522298,1750552724,ai.elimu.filamu,{'video_playback_position_ms': 38117},,,piper,1
4522299,1750552838,ai.elimu.filamu,,,,piper,1
4522300,1750552848,ai.elimu.filamu,{'video_playback_position_ms': 31011},,,piper,1
4522301,1750552895,ai.elimu.filamu,,,,piper,1
4522302,1750552945,ai.elimu.filamu,{'video_playback_position_ms': 52768},,,piper,1
4522303,1750553035,ai.elimu.filamu,,,,piper,1
4522304,1750553041,ai.elimu.filamu,{'video_playback_position_ms': 45385},,,piper,1
4522305,1750553117,ai.elimu.filamu,,,,piper,1
4522306,1750553138,ai.elimu.filamu,{'video_playback_position_ms': 20100},,,piper,1
4522307,1750553192,ai.elimu.filamu,,,,piper,1
4522308,1750553243,ai.elimu.filamu,{'video_playback_position_ms': 40545},,,piper,1
4522309,1750553356,ai.elimu.filamu,,,,piper,1
4522310,1750553361,ai.elimu.filamu,{'video_playback_position_ms': 28437},,,piper,1
4522361,1750639106,ai.elimu.filamu,,,,piper,1
4522362,1750639115,ai.elimu.filamu,{'video_playback_position_ms': 33238},,,piper,1
4522363,1750639204,ai.elimu.filamu,,,,piper,1
4522364,1750639228,ai.elimu.filamu,{'video_playback_position_ms': 40863},,,piper,1
4522365,1750639338,ai.elimu.filamu,,,,piper,1
4522366,1750639366,ai.elimu.filamu,{'video_playback_position_ms': 25679},,,piper,1
4522367,1750639441,ai.elimu.filamu,,,,piper,1
4522368,1750639487,ai.elimu.filamu,{'video_playback_position_ms': 36168},,,piper,1
4522369,1750639596,ai.elimu.filamu,,,,piper,1
4522370,1750639652,ai.elimu.filamu,{'video_playback_position_ms': 42482},,,piper,1
4522371,1750639767,ai.elimu.filamu,,,,piper,1
4522372,1750639821,ai.elimu.filamu,{'video_playback_position_ms': 56166},,,piper,1
4522373,1750639850,ai.elimu.filamu,,,,piper,1
4522374,1750639903,ai.elimu.filamu,{'video_playback_position_ms': 25734},,,piper,1
4522375,1750639931,ai.elimu.filamu,,,,piper,1
4522376,1750639941,ai.elimu.filamu,{'video_playback_position_ms': 7217},,,piper,1
4522415,1750724358,ai.elimu.filamu,,,,piper,1
4522416,1750724389,ai.elimu.filamu,{'video_playback_position_ms': 14275},,,piper,1
4522417,1750724422,ai.elimu.filamu,,,,piper,1
4522418,1750724480,ai.elimu.filamu,{'video_playback_position_ms': 22837},,,piper,1
4522419,1750724586,ai.elimu.filamu,,,,piper,1
4522420,1750724615,ai.elimu.filamu,{'video_playback_position_ms': 48044},,,piper,1
4522421,1750724646,ai.elimu.filamu,,,,piper,1
4522422,1750724670,ai.elimu.filamu,{'video_playback_position_ms': 26669},,,piper,1
4522423,1750724699,ai.elimu.filamu,,,,piper,1
4522424,1750724739,ai.elimu.filamu,{'video_playback_position_ms': 1601},,,piper,1
4522425,1750724844,ai.elimu.filamu,,,,piper,1
4522426,1750724895,ai.elimu.filamu,{'video_playback_position_ms': 34252},,,piper,1
4522427,1750725007,ai.elimu.filamu,,,,piper,1
4522428,1750725061,ai.elimu.filamu,{'video_playback_position_ms': 39070},,,piper,1
4522429,1750725117,ai.elimu.filamu,,,,piper,1
4522430,1750725141,ai.elimu.filamu,{'video_playback_position_ms': 17098},,,piper,1
4522431,1750725184,ai.elimu.filamu,,,,piper,1
4522432,1750725205,ai.elimu.filamu,{'video_playback_position_ms': 30981},,,piper,1
4522433,1750725304,ai.elimu.filamu,,,,piper,1
4522434,1750725334,ai.elimu.filamu,{'video_playback_position_ms': 5215},,,piper,1
4522435,1750725364,ai.elimu.filamu,,,,piper,1
4522436,1750725391,ai.elimu.filamu,{'video_playback_position_ms': 50948},,,piper,1
4522437,1750725430,ai.elimu.filamu,,,,piper,1
4522438,1750725487,ai.elimu.filamu,{'video_playback_position_ms': 45816},,,piper,1
4522489,1750897982,ai.elimu.filamu,,,,piper,1
4522490,1750898026,ai.elimu.filamu,{'video_playback_position_ms': 25945},,,piper,1
4522491,1750898066,ai.elimu.filamu,,,,piper,1
4522492,1750898085,ai.elimu.filamu,{'video_playback_position_ms': 41969},,,piper,1
4522493,1750898130,ai.elimu.filamu,,,,piper,1
4522494,1750898156,ai.elimu.filamu,{'video_playback_position_ms': 8842},,,piper,1
4522495,1750898273,ai.elimu.filamu,,,,piper,1
4522496,1750898282,ai.elimu.filamu,{'video_playback_position_ms': 14461},,,piper,1
4522497,1750898345,ai.elimu.filamu,,,,piper,1
4522498,1750898397,ai.elimu.filamu,{'video_playback_position_ms': 15333},,,piper,1
4522499,1750898437,ai.elimu.filamu,,,,piper,1
4522500,1750898461,ai.elimu.filamu,{'video_playback_position_ms': 51196},,,piper,1
4522501,1750898507,ai.elimu.filamu,,,,piper,1
4522502,1750898552,ai.elimu.filamu,{'video_playback_position_ms': 11926},,,piper,1
4522503,1750898619,ai.elimu.filamu,,,,piper,1
4522504,1750898653,ai.elimu.filamu,{'video_playback_position_ms': 8149},,,piper,1
4522505,1750898771,ai.elimu.filamu,,,,piper,1
4522506,1750898826,ai.elimu.filamu,{'video_playback_position_ms': 57199},,,piper,1
4522507,1750898850,ai.elimu.filamu,,,,piper,1
4522508,1750898865,ai.elimu.filamu,{'video_playback_position_ms': 51234},,,piper,1
4522509,1750898901,ai.elimu.filamu,,,,piper,1
4522510,1750898921,ai.elimu.filamu,{'video_playback_position_ms': 37611},,,piper,1
4522547,1751070525,ai.elimu.filamu,,,,piper,1
4522548,1751070570,ai.elimu.filamu,{'video_playback_position_ms': 22834},,,piper,1
4522549,1751070610,ai.elimu.filamu,,,,piper,1
4522550,1751070637,ai.elimu.filamu,{'video_playback_position_ms': 52140},,,piper,1
4522551,1751070681,ai.elimu.filamu,,,,piper,1
4522552,1751070725,ai.elimu.filamu,{'video_playback_position_ms': 50945},,,piper,1
4522553,1751070754,ai.elimu.filamu,,,,piper,1
4522554,1751070761,ai.elimu.filamu,{'video_playback_position_ms': 57144},,,piper,1
4522555,1751070844,ai.elimu.filamu,,,,piper,1
4522556,1751070870,ai.elimu.filamu,{'video_playback_position_ms': 53914},,,piper,1
4522557,1751070919,ai.elimu.filamu,,,,piper,1
4522558,1751070925,ai.elimu.filamu,{'video_playback_position_ms': 9074},,,piper,1
4522559,1751070965,ai.elimu.filamu,,,,piper,1
4522560,1751070997,ai.elimu.filamu,{'video_playback_position_ms': 51581},,,piper,1
4522561,1751071018,ai.elimu.filamu,,,,piper,1
4522562,1751071055,ai.elimu.filamu,{'video_playback_position_ms': 48185},,,piper,1
4522563,1751071096,ai.elimu.filamu,,,,piper,1
4522564,1751071103,ai.elimu.filamu,{'video_playback_position_ms': 48523},,,piper,1
4522565,1751071195,ai.elimu.filamu,,,,piper,1
4522566,1751071254,ai.elimu.filamu,{'video_playback_position_ms': 13942},,,piper,1
4522567,1751071341,ai.elimu.filamu,,,,piper,1
4522568,1751071370,ai.elimu.filamu,{'video_playback_position_ms': 59610},,,piper,1
4522569,1751071445,ai.elimu.filamu,,,,piper,1
4522570,1751071475,ai.elimu.filamu,{'video_playback_position_ms': 41128},,,piper,1
4522571,1751071544,ai.elimu.filamu,,,,piper,1
4522572,1751071546,ai.elimu.filamu,{'video_playback_position_ms': 52374},,,piper,1
4522573,1751071605,ai.elimu.filamu,,,,piper,1
4522574,1751071624,ai.elimu.filamu,{'video_playback_position_ms': 43598},,,piper,1
4522575,1751071651,ai.elimu.filamu,,,,piper,1
4522576,1751071665,ai.elimu.filamu,{'video_playback_position_ms': 45776},,,piper,1
4522577,1751071754,ai.elimu.filamu,,,,piper,1
4522578,1751071780,ai.elimu.filamu,{'video_playback_position_ms': 43178},,,piper,1
4522579,1751071816,ai.elimu.filamu,,,,piper,1
4522580,1751071829,ai.elimu.filamu,{'video_playback_position_ms': 55456},,,piper,1
4522581,1751071943,ai.elimu.filamu,,,,piper,1
4522582,1751071950,ai.elimu.filamu,{'video_playback_position_ms': 48387},,,piper,1
4522583,1751071997,ai.elimu.filamu,,,,piper,1
4522584,1751072006,ai.elimu.filamu,{'video_playback_position_ms': 50966},,,piper,1
4522657,1751327777,ai.elimu.filamu,,,,piper,1
4522658,1751327804,ai.elimu.filamu,{'video_playback_position_ms': 44201},,,piper,1
4522659,1751327843,ai.elimu.filamu,,,,piper,1
4522660,1751327861,ai.elimu.filamu,{'video_playback_position_ms': 49817},,,piper,1
4522661,1751327883,ai.elimu.filamu,,,,piper,1
4522662,1751327924,ai.elimu.filamu,{'video_playback_position_ms': 3515},,,piper,1
4522663,1751327996,ai.elimu.filamu,,,,piper,1
4522664,1751328046,ai.elimu.filamu,{'video_playback_position_ms': 49744},,,piper,1
4522665,1751328104,ai.elimu.filamu,,,,piper,1
4522666,1751328136,ai.elimu.filamu,{'video_playback_position_ms': 34143},,,piper,1
4522667,1751328231,ai.elimu.filamu,,,,piper,1
4522668,1751328263,ai.elimu.filamu,{'video_playback_position_ms': 33348},,,piper,1
4522669,1751328285,ai.elimu.filamu,,,,piper,1
4522670,1751328331,ai.elimu.filamu,{'video_playback_position_ms': 58429},,,piper,1
4522671,1751328350,ai.elimu.filamu,,,,piper,1
4522672,1751328373,ai.elimu.filamu,{'video_playback_position_ms': 27919},,,piper,1
4522673,1751328430,ai.elimu.filamu,,,,piper,1
4522674,1751328487,ai.elimu.filamu,{'video_playback_position_ms': 26912},,,piper,1
4522675,1751328559,ai.elimu.filamu,,,,piper,1
4522676,1751328614,ai.elimu.filamu,{'video_playback_position_ms': 39214},,,piper,1
4522677,1751328659,ai.elimu.filamu,,,,piper,1
4522678,1751328713,ai.elimu.filamu,{'video_playback_position_ms': 39638},,,piper,1
4522679,1751328813,ai.elimu.filamu,,,,piper,1
4522680,1751328835,ai.elimu.filamu,{'video_playback_position_ms': 37177},,,piper,1
4522681,1751328920,ai.elimu.filamu,,,,piper,1
4522682,1751328936,ai.elimu.filamu,{'video_playback_position_ms': 44290},,,piper,1
4522683,1751329047,ai.elimu.filamu,,,,piper,1
4522684,1751329098,ai.elimu.filamu,{'video_playback_position_ms': 23565},,,piper,1
4522685,1751415866,ai.elimu.filamu,,,,piper,1
4522686,1751415893,ai.elimu.filamu,{'video_playback_position_ms': 30936},,,piper,1
4522687,1751415949,ai.elimu.filamu,,,,piper,1
4522688,1751415991,ai.elimu.filamu,{'video_playback_position_ms': 26934},,,piper,1
4522689,1751416051,ai.elimu.filamu,,,,piper,1
4522690,1751416084,ai.elimu.filamu,{'video_playback_position_ms': 9091},,,piper,1
4522723,1751503831,ai.elimu.filamu,,,,piper,1
4522724,1751503881,ai.elimu.filamu,{'video_playback_position_ms': 14100},,,piper,1
4522725,1751503958,ai.elimu.filamu,,,,piper,1
4522726,1751504016,ai.elimu.filamu,{'video_playback_position_ms': 58096},,,piper,1
4522727,1751504121,ai.elimu.filamu,,,,piper,1
4522728,1751504154,ai.elimu.filamu,{'video_playback_position_ms': 27735},,,piper,1
4522729,1751504190,ai.elimu.filamu,,,,piper,1
4522730,1751504244,ai.elimu.filamu,{'video_playback_position_ms': 57536},,,piper,1
4522731,1751504302,ai.elimu.filamu,,,,piper,1
4522732,1751504343,ai.elimu.filamu,{'video_playback_position_ms': 14413},,,piper,1
4522733,1751504456,ai.elimu.filamu,,,,piper,1
4522734,1751504514,ai.elimu.filamu,{'video_playback_position_ms': 44140},,,piper,1
4522735,1751504556,ai.elimu.filamu,,,,piper,1
4522736,1751504583,ai.elimu.filamu,{'video_playback_position_ms': 29821},,,piper,1
4522737,1751504664,ai.elimu.filamu,,,,piper,1
4522738,1751504704,ai.elimu.filamu,{'video_playback_position_ms': 47937},,,piper,1
4522739,1751504783,ai.elimu.filamu,,,,piper,1
4522740,1751504794,ai.elimu.filamu,{'video_playback_position_ms': 38592},,,piper,1
4522741,1751504907,ai.elimu.filamu,,,,piper,1
4522742,1751504928,ai.elimu.filamu,{'video_playback_position_ms': 47848},,,piper,1
4522743,1751505019,ai.elimu.filamu,,,,piper,1
4522744,1751505054,ai.elimu.filamu,{'video_playback_position_ms': 55344},,,piper,1
4522745,1751505136,ai.elimu.filamu,,,,piper,1
4522746,1751505187,ai.elimu.filamu,{'video_playback_position_ms': 40543},,,piper,1
4522747,1751505206,ai.elimu.filamu,,,,piper,1
4522748,1751505258,ai.elimu.filamu,{'video_playback_position_ms': 55659},,,piper,1
4522749,1751505293,ai.elimu.filamu,,,,piper,1
4522750,1751505301,ai.elimu.filamu,{'video_playback_position_ms': 20615},,,piper,1
4522751,1751505409,ai.elimu.filamu,,,,piper,1
4522752,1751505418,ai.elimu.filamu,{'video_playback_position_ms': 29459},,,piper,1
4522753,1751505531,ai.elimu.filamu,,,,piper,1
4522754,1751505571,ai.elimu.filamu,{'video_playback_position_ms': 2918},,,piper,1
4522807,1751590697,ai.elimu.filamu,,,,piper,1
4522808,1751590709,ai.elimu.filamu,{'video_playback_position_ms': 10653},,,piper,1
4522809,1751590788,ai.elimu.filamu,,,,piper,1
4522810,1751590834,ai.elimu.filamu,{'video_playback_position_ms': 58143},,,piper,1
4522811,1751590932,ai.elimu.filamu,,,,piper,1
4522812,1751590948,ai.elimu.filamu,{'video_playback_position_ms': 2248},,,piper,1
4522813,1751590991,ai.elimu.filamu,,,,piper,1
4522814,1751591009,ai.elimu.filamu,{'video_playback_position_ms': 41525},,,piper,1
4522815,1751591059,ai.elimu.filamu,,,,piper,1
4522816,1751591087,ai.elimu.filamu,{'video_playback_position_ms': 54487},,,piper,1
4522817,1751591174,ai.elimu.filamu,,,,piper,1
4522818,1751591229,ai.elimu.filamu,{'video_playback_position_ms': 15140},,,piper,1
4522819,1751591267,ai.elimu.filamu,,,,piper,1
4522820,1751591325,ai.elimu.filamu,{'video_playback_position_ms': 36158},,,piper,1
4522821,1751591356,ai.elimu.filamu,,,,piper,1
4522822,1751591375,ai.elimu.filamu,{'video_playback_position_ms': 20567},,,piper,1
4522823,1751591403,ai.elimu.filamu,,,,piper,1
4522824,1751591416,ai.elimu.filamu,{'video_playback_position_ms': 37783},,,piper,1
4522825,1751591455,ai.elimu.filamu,,,,piper,1
4522826,1751591465,ai.elimu.filamu,{'video_playback_position_ms': 25451},,,piper,1
4522827,1751591485,ai.elimu.filamu,,,,piper,1
4522828,1751591507,ai.elimu.filamu,{'video_playback_position_ms': 48091},,,piper,1
4522829,1751591569,ai.elimu.filamu,,,,piper,1
4522830,1751591603,ai.elimu.filamu,{'video_playback_position_ms': 27876},,,piper,1
4522831,1751591689,ai.elimu.filamu,,,,piper,1
4522832,1751591726,ai.elimu.filamu,{'video_playback_position_ms': 24368},,,piper,1
4522833,1751591819,ai.elimu.filamu,,,,piper,1
4522834,1751591847,ai.elimu.filamu,{'video_playback_position_ms': 15404},,,piper,1
4522835,1751591938,ai.elimu.filamu,,,,piper,1
4522836,1751591967,ai.elimu.filamu,{'video_playback_position_ms': 22768},,,piper,1
4522999,1751849126,ai.elimu.filamu,,,,piper,1
4523000,1751849178,ai.elimu.filamu,{'video_playback_position_ms': 3689},,,piper,1
4523001,1751849225,ai.elimu.filamu,,,,piper,1
4523002,1751849256,ai.elimu.filamu,{'video_playback_position_ms': 39587},,,piper,1
4523003,1751849316,ai.elimu.filamu,,,,piper,1
4523004,1751849355,ai.elimu.filamu,{'video_playback_position_ms': 39959},,,piper,1
4523005,1751849387,ai.elimu.filamu,,,,piper,1
4523006,1751849400,ai.elimu.filamu,{'video_playback_position_ms': 4978},,,piper,1
4523007,1751849439,ai.elimu.filamu,,,,piper,1
4523008,1751849457,ai.elimu.filamu,{'video_playback_position_ms': 52249},,,piper,1
4523009,1751849497,ai.elimu.filamu,,,,piper,1
4523010,1751849547,ai.elimu.filamu,{'video_playback_position_ms': 25357},,,piper,1
4523011,1751849605,ai.elimu.filamu,,,,piper,1
4523012,1751849643,ai.elimu.filamu,{'video_playback_position_ms': 52713},,,piper,1
4523013,1751849708,ai.elimu.filamu,,,,piper,1
4523014,1751849726,ai.elimu.filamu,{'video_playback_position_ms': 29399},,,piper,1
4523113,1751939256,ai.elimu.filamu,,,,piper,1
4523114,1751939288,ai.elimu.filamu,{'video_playback_position_ms': 12753},,,piper,1
4523115,1751939322,ai.elimu.filamu,,,,piper,1
4523116,1751939331,ai.elimu.filamu,{'video_playback_position_ms': 6520},,,piper,1
4523117,1751939363,ai.elimu.filamu,,,,piper,1
4523118,1751939392,ai.elimu.filamu,{'video_playback_position_ms': 52317},,,piper,1
4523179,1752022637,ai.elimu.filamu,,,,piper,1
4523180,1752022640,ai.elimu.filamu,{'video_playback_position_ms': 38972},,,piper,1
4523181,1752022700,ai.elimu.filamu,,,,piper,1
4523182,1752022736,ai.elimu.filamu,{'video_playback_position_ms': 48342},,,piper,1
4523183,1752022837,ai.elimu.filamu,,,,piper,1
4523184,1752022874,ai.elimu.filamu,{'video_playback_position_ms': 44513},,,piper,1
4523185,1752022923,ai.elimu.filamu,,,,piper,1
4523186,1752022936,ai.elimu.filamu,{'video_playback_position_ms': 22958},,,piper,1
4523187,1752022961,ai.elimu.filamu,,,,piper,1
4523188,1752022980,ai.elimu.filamu,{'video_playback_position_ms': 56342},,,piper,1
4523189,1752107624,ai.elimu.filamu,,,,piper,1
4523190,1752107645,ai.elimu.filamu,{'video_playback_position_ms': 24504},,,piper,1
4523191,1752107690,ai.elimu.filamu,,,,piper,1
4523192,1752107720,ai.elimu.filamu,{'video_playback_position_ms': 34547},,,piper,1
4523193,1752107742,ai.elimu.filamu,,,,piper,1
4523194,1752107754,ai.elimu.filamu,{'video_playback_position_ms': 42952},,,piper,1
4523195,1752107873,ai.elimu.filamu,,,,piper,1
4523196,1752107915,ai.elimu.filamu,{'video_playback_position_ms': 31366},,,piper,1
4523197,1752107972,ai.elimu.filamu,,,,piper,1
4523198,1752107978,ai.elimu.filamu,{'video_playback_position_ms': 39463},,,piper,1
4523199,1752108062,ai.elimu.filamu,,,,piper,1
4523200,1752108106,ai.elimu.filamu,{'video_playback_position_ms': 11782},,,piper,1
4523201,1752108134,ai.elimu.filamu,,,,piper,1
4523202,1752108160,ai.elimu.filamu,{'video_playback_position_ms': 32168},,,piper,1
4523227,1752191230,ai.elimu.filamu,,,,piper,1
4523228,1752191272,ai.elimu.filamu,{'video_playback_position_ms': 10622},,,piper,1
4523229,1752191355,ai.elimu.filamu,,,,piper,1
4523230,1752191357,ai.elimu.filamu,{'video_playback_position_ms': 6009},,,piper,1
4523231,1752191411,ai.elimu.filamu,,,,piper,1
4523232,1752191432,ai.elimu.filamu,{'video_playback_position_ms': 49548},,,piper,1
4523233,1752191468,ai.elimu.filamu,,,,piper,1
4523234,1752191492,ai.elimu.filamu,{'video_playback_position_ms': 31176},,,piper,1
4523235,1752191518,ai.elimu.filamu,,,,piper,1
4523236,1752191574,ai.elimu.filamu,{'video_playback_position_ms': 2227},,,piper,1
4523237,1752191640,ai.elimu.filamu,,,,piper,1
4523238,1752191695,ai.elimu.filamu,{'video_playback_position_ms': 7810},,,piper,1
4523239,1752191754,ai.elimu.filamu,,,,piper,1
4523240,1752191788,ai.elimu.filamu,{'video_playback_position_ms': 36720},,,piper,1
4523241,1752191840,ai.elimu.filamu,,,,piper,1
4523242,1752191873,ai.elimu.filamu,{'video_playback_position_ms': 41656},,,piper,1
4523243,1752191963,ai.elimu.filamu,,,,piper,1
4523244,1752191985,ai.elimu.filamu,{'video_playback_position_ms': 19965},,,piper,1
4523245,1752192034,ai.elimu.filamu,,,,piper,1
4523246,1752192083,ai.elimu.filamu,{'video_playback_position_ms': 16593},,,piper,1
4523247,1752192191,ai.elimu.filamu,,,,piper,1
4523248,1752192229,ai.elimu.filamu,{'video_playback_position_ms': 20656},,,piper,1
4523249,1752192262,ai.elimu.filamu,,,,piper,1
4523250,1752192278,ai.elimu.filamu,{'video_playback_position_ms': 58457},,,piper,1
4523251,1752192377,ai.elimu.filamu,,,,piper,1
4523252,1752192408,ai.elimu.filamu,{'video_playback_position_ms': 27311},,,piper,1
4523253,1752192435,ai.elimu.filamu,,,,piper,1
4523254,1752192449,ai.elimu.filamu,{'video_playback_position_ms': 52800},,,piper,1
4523255,1752192516,ai.elimu.filamu,,,,piper,1
4523256,1752192550,ai.elimu.filamu,{'video_playback_position_ms': 44831},,,piper,1
4523257,1752192641,ai.elimu.filamu,,,,piper,1
4523258,1752192674,ai.elimu.filamu,{'video_playback_position_ms': 37250},,,piper,1
4523259,1752192709,ai.elimu.filamu,,,,piper,1
4523260,1752192744,ai.elimu.filamu,{'video_playback_position_ms': 19434},,,piper,1
4523261,1752192857,ai.elimu.filamu,,,,piper,1
4523262,1752192887,ai.elimu.filamu,{'video_playback_position_ms': 8792},,,piper,1
4523263,1752192990,ai.elimu.filamu,,,,piper,1
4523264,1752193026,ai.elimu.filamu,{'video_playback_position_ms': 8017},,,piper,1
4523305,1752366418,ai.elimu.filamu,,,,piper,1
4523306,1752366438,ai.elimu.filamu,{'video_playback_position_ms': 43175},,,piper,1
4523307,1752366526,ai.elimu.filamu,,,,piper,1
4523308,1752366541,ai.elimu.filamu,{'video_playback_position_ms': 46362},,,piper,1
4523345,1752539933,ai.elimu.filamu,,,,piper,1
4523346,1752539979,ai.elimu.filamu,{'video_playback_position_ms': 58981},,,piper,1
4523347,1752540064,ai.elimu.filamu,,,,piper,1
4523348,1752540083,ai.elimu.filamu,{'video_playback_position_ms': 40838},,,piper,1
4523349,1752540164,ai.elimu.filamu,,,,piper,1
4523350,1752540205,ai.elimu.filamu,{'video_playback_position_ms': 17752},,,piper,1
4523351,1752540245,ai.elimu.filamu,,,,piper,1
4523352,1752540263,ai.elimu.filamu,{'video_playback_position_ms': 32959},,,piper,1
4523353,1752540324,ai.elimu.filamu,,,,piper,1
4523354,1752540367,ai.elimu.filamu,{'video_playback_position_ms': 42292},,,piper,1
4523355,1752540438,ai.elimu.filamu,,,,piper,1
4523356,1752540482,ai.elimu.filamu,{'video_playback_position_ms': 42801},,,piper,1
4523357,1752540525,ai.elimu.filamu,,,,piper,1
4523358,1752540564,ai.elimu.filamu,{'video_playback_position_ms': 12796},,,piper,1
4523359,1752540636,ai.elimu.filamu,,,,piper,1
4523360,1752540686,ai.elimu.filamu,{'video_playback_position_ms': 6600},,,piper,1
4523361,1752540747,ai.elimu.filamu,,,,piper,1
4523362,1752540751,ai.elimu.filamu,{'video_playback_position_ms': 33312},,,piper,1
4523363,1752540768,ai.elimu.filamu,,,,piper,1
4523364,1752540788,ai.elimu.filamu,{'video_playback_position_ms': 52141},,,piper,1
4523365,1752540832,ai.elimu.filamu,,,,piper,1
4523366,1752540842,ai.elimu.filamu,{'video_playback_position_ms': 15711},,,piper,1
4523367,1752540865,ai.elimu.filamu,,,,piper,1
4523368,1752540900,ai.elimu.filamu,{'video_playback_position_ms': 43220},,,piper,1
4523369,1752541005,ai.elimu.filamu,,,,piper,1
4523370,1752541033,ai.elimu.filamu,{'video_playback_position_ms': 43194},,,piper,1
4523371,1752541051,ai.elimu.filamu,,,,piper,1
4523372,1752541100,ai.elimu.filamu,{'video_playback_position_ms': 50359},,,piper,1
4523373,1752541123,ai.elimu.filamu,,,,piper,1
4523374,1752541148,ai.elimu.filamu,{'video_playback_position_ms': 51150},,,piper,1
4523375,1752541166,ai.elimu.filamu,,,,piper,1
4523376,1752541182,ai.elimu.filamu,{'video_playback_position_ms': 12627},,,piper,1
4523419,1752624776,ai.elimu.filamu,,,,piper,1
4523420,1752624783,ai.elimu.filamu,{'video_playback_position_ms': 33618},,,piper,1
4523421,1752624841,ai.elimu.filamu,,,,piper,1
4523422,1752624892,ai.elimu.filamu,{'video_playback_position_ms': 24743},,,piper,1
4523423,1752624909,ai.elimu.filamu,,,,piper,1
4523424,1752624951,ai.elimu.filamu,{'video_playback_position_ms': 36368},,,piper,1
4523425,1752625035,ai.elimu.filamu,,,,piper,1
4523426,1752625091,ai.elimu.filamu,{'video_playback_position_ms': 52320},,,piper,1
4523427,1752625145,ai.elimu.filamu,,,,piper,1
4523428,1752625201,ai.elimu.filamu,{'video_playback_position_ms': 48520},,,piper,1
4523429,1752625254,ai.elimu.filamu,,,,piper,1
4523430,1752625277,ai.elimu.filamu,{'video_playback_position_ms': 15605},,,piper,1
4523431,1752625371,ai.elimu.filamu,,,,piper,1
4523432,1752625380,ai.elimu.filamu,{'video_playback_position_ms': 59718},,,piper,1
4523433,1752625500,ai.elimu.filamu,,,,piper,1
4523434,1752625524,ai.elimu.filamu,{'video_playback_position_ms': 16327},,,piper,1
4523435,1752625628,ai.elimu.filamu,,,,piper,1
4523436,1752625653,ai.elimu.filamu,{'video_playback_position_ms': 20776},,,piper,1
4523437,1752625700,ai.elimu.filamu,,,,piper,1
4523438,1752625733,ai.elimu.filamu,{'video_playback_position_ms': 25573},,,piper,1
4523439,1752625811,ai.elimu.filamu,,,,piper,1
4523440,1752625830,ai.elimu.filamu,{'video_playback_position_ms': 7001},,,piper,1
4523469,1752798245,ai.elimu.filamu,,,,piper,1
4523470,1752798279,ai.elimu.filamu,{'video_playback_position_ms': 34206},,,piper,1
4523471,1752798378,ai.elimu.filamu,,,,piper,1
4523472,1752798414,ai.elimu.filamu,{'video_playback_position_ms': 30386},,,piper,1
4523473,1752798476,ai.elimu.filamu,,,,piper,1
4523474,1752798531,ai.elimu.filamu,{'video_playback_position_ms': 50640},,,piper,1
4523475,1752798603,ai.elimu.filamu,,,,piper,1
4523476,1752798616,ai.elimu.filamu,{'video_playback_position_ms': 7646},,,piper,1
4523477,1752798639,ai.elimu.filamu,,,,piper,1
4523478,1752798651,ai.elimu.filamu,{'video_playback_position_ms': 33014},,,piper,1
4523479,1752798762,ai.elimu.filamu,,,,piper,1
4523480,1752798794,ai.elimu.filamu,{'video_playback_position_ms': 49833},,,piper,1
4523481,1752798837,ai.elimu.filamu,,,,piper,1
4523482,1752798882,ai.elimu.filamu,{'video_playback_position_ms': 58663},,,piper,1
4523483,1752798957,ai.elimu.filamu,,,,piper,1
4523484,1752798995,ai.elimu.filamu,{'video_playback_position_ms': 9489},,,piper,1
4523503,1752882521,ai.elimu.filamu,,,,piper,1
4523504,1752882580,ai.elimu.filamu,{'video_playback_position_ms': 19964},,,piper,1
4523505,1752882620,ai.elimu.filamu,,,,piper,1
4523506,1752882628,ai.elimu.filamu,{'video_playback_position_ms': 26450},,,piper,1
4523507,1752882682,ai.elimu.filamu,,,,piper,1
4523508,1752882728,ai.elimu.filamu,{'video_playback_position_ms': 38496},,,piper,1
4523531,1752969805,ai.elimu.filamu,,,,piper,1
4523532,1752969849,ai.elimu.filamu,{'video_playback_position_ms': 42194},,,piper,1
4523533,1752969877,ai.elimu.filamu,,,,piper,1
4523534,1752969882,ai.elimu.filamu,{'video_playback_position_ms': 21105},,,piper,1
4523535,1752969951,ai.elimu.filamu,,,,piper,1
4523536,1752969973,ai.elimu.filamu,{'video_playback_position_ms': 4875},,,piper,1
4523537,1752970074,ai.elimu.filamu,,,,piper,1
4523538,1752970093,ai.elimu.filamu,{'video_playback_position_ms': 11061},,,piper,1
4523539,1752970183,ai.elimu.filamu,,,,piper,1
4523540,1752970197,ai.elimu.filamu,{'video_playback_position_ms': 23661},,,piper,1
4523541,1752970291,ai.elimu.filamu,,,,piper,1
4523542,1752970313,ai.elimu.filamu,{'video_playback_position_ms': 15467},,,piper,1
4523543,1752970403,ai.elimu.filamu,,,,piper,1
4523544,1752970448,ai.elimu.filamu,{'video_playback_position_ms': 24489},,,piper,1
4523545,1752970486,ai.elimu.filamu,,,,piper,1
4523546,1752970495,ai.elimu.filamu,{'video_playback_position_ms': 14969},,,piper,1
4523547,1752970590,ai.elimu.filamu,,,,piper,1
4523548,1752970631,ai.elimu.filamu,{'video_playback_position_ms': 35094},,,piper,1
4523549,1752970683,ai.elimu.filamu,,,,piper,1
4523550,1752970741,ai.elimu.filamu,{'video_playback_position_ms': 24406},,,piper,1
4523551,1752970800,ai.elimu.filamu,,,,piper,1
4523552,1752970850,ai.elimu.filamu,{'video_playback_position_ms': 18539},,,piper,1
4523553,1752970899,ai.elimu.filamu,,,,piper,1
4523554,1752970958,ai.elimu.filamu,{'video_playback_position_ms': 17909},,,piper,1
4523555,1752971004,ai.elimu.filamu,,,,piper,1
4523556,1752971055,ai.elimu.filamu,{'video_playback_position_ms': 55348},,,piper,1
4523557,1752971073,ai.elimu.filamu,,,,piper,1
4523558,1752971125,ai.elimu.filamu,{'video_playback_position_ms': 43537},,,piper,1
4523559,1752971183,ai.elimu.filamu,,,,piper,1
4523560,1752971217,ai.elimu.filamu,{'video_playback_position_ms': 29946},,,piper,1
4523561,1752971276,ai.elimu.filamu,,,,piper,1
4523562,1752971313,ai.elimu.filamu,{'video_playback_position_ms': 1738},,,piper,1
4523563,1752971334,ai.elimu.filamu,,,,piper,1
4523564,1752971340,ai.elimu.filamu,{'video_playback_position_ms': 38299},,,piper,1
4523571,1753060225,ai.elimu.filamu,,,,piper,1
4523572,1753060245,ai.elimu.filamu,{'video_playback_position_ms': 17168},,,piper,1
4523573,1753060324,ai.elimu.filamu,,,,piper,1
4523574,1753060348,ai.elimu.filamu,{'video_playback_position_ms': 40449},,,piper,1
4523591,1753142806,ai.elimu.filamu,,,,piper,1
4523592,1753142834,ai.elimu.filamu,{'video_playback_position_ms': 12507},,,piper,1
4523593,1753142946,ai.elimu.filamu,,,,piper,1
4523594,1753142993,ai.elimu.filamu,{'video_playback_position_ms': 48944},,,piper,1
4523595,1753143032,ai.elimu.filamu,,,,piper,1
4523596,1753143067,ai.elimu.filamu,{'video_playback_position_ms': 19674},,,piper,1
4523597,1753143161,ai.elimu.filamu,,,,piper,1
4523598,1753143189,ai.elimu.filamu,{'video_playback_position_ms': 21132},,,piper,1
4523599,1753143307,ai.elimu.filamu,,,,piper,1
4523600,1753143360,ai.elimu.filamu,{'video_playback_position_ms': 46815},,,piper,1
4523601,1753143433,ai.elimu.filamu,,,,piper,1
4523602,1753143475,ai.elimu.filamu,{'video_playback_position_ms': 16337},,,piper,1
4523603,1753143510,ai.elimu.filamu,,,,piper,1
4523604,1753143567,ai.elimu.filamu,{'video_playback_position_ms': 29271},,,piper,1
4523605,1753143591,ai.elimu.filamu,,,,piper,1
4523606,1753143620,ai.elimu.filamu,{'video_playback_position_ms': 25169},,,piper,1
4523607,1753143703,ai.elimu.filamu,,,,piper,1
4523608,1753143752,ai.elimu.filamu,{'video_playback_position_ms': 46035},,,piper,1
4523609,1753143824,ai.elimu.filamu,,,,piper,1
4523610,1753143867,ai.elimu.filamu,{'video_playback_position_ms': 49163},,,piper,1
4523611,1753143903,ai.elimu.filamu,,,,piper,1
4523612,1753143928,ai.elimu.filamu,{'video_playback_position_ms': 24036},,,piper,1
4523613,1753143956,ai.elimu.filamu,,,,piper,1
4523614,1753144010,ai.elimu.filamu,{'video_playback_position_ms': 1831},,,piper,1
4523615,1753144119,ai.elimu.filamu,,,,piper,1
4523616,1753144128,ai.elimu.filamu,{'video_playback_position_ms': 8490},,,piper,1
4523617,1753144199,ai.elimu.filamu,,,,piper,1
4523618,1753144242,ai.elimu.filamu,{'video_playback_position_ms': 23008},,,piper,1
4523619,1753144289,ai.elimu.filamu,,,,piper,1
4523620,1753144293,ai.elimu.filamu,{'video_playback_position_ms': 14437},,,piper,1
4523645,1753232281,ai.elimu.filamu,,,,piper,1
4523646,1753232332,ai.elimu.filamu,{'video_playback_position_ms': 53280},,,piper,1
4523647,1753232420,ai.elimu.filamu,,,,piper,1
4523648,1753232458,ai.elimu.filamu,{'video_playback_position_ms': 39200},,,piper,1
4523663,1753314975,ai.elimu.filamu,,,,piper,1
4523664,1753314984,ai.elimu.filamu,{'video_playback_position_ms': 5672},,,piper,1
4523665,1753315034,ai.elimu.filamu,,,,piper,1
4523666,1753315071,ai.elimu.filamu,{'video_playback_position_ms': 46747},,,piper,1
4523667,1753315188,ai.elimu.filamu,,,,piper,1
4523668,1753315246,ai.elimu.filamu,{'video_playback_position_ms': 45636},,,piper,1
4523669,1753315261,ai.elimu.filamu,,,,piper,1
4523670,1753315285,ai.elimu.filamu,{'video_playback_position_ms': 32230},,,piper,1
4523671,1753315342,ai.elimu.filamu,,,,piper,1
4523672,1753315347,ai.elimu.filamu,{'video_playback_position_ms': 30741},,,piper,1
4523673,1753315437,ai.elimu.filamu,,,,piper,1
4523674,1753315445,ai.elimu.filamu,{'video_playback_position_ms': 2745},,,piper,1
4523715,1753403889,ai.elimu.filamu,,,,piper,1
4523716,1753403924,ai.elimu.filamu,{'video_playback_position_ms': 46756},,,piper,1
4523717,1753404040,ai.elimu.filamu,,,,piper,1
4523718,1753404074,ai.elimu.filamu,{'video_playback_position_ms': 19356},,,piper,1
4523809,1753661846,ai.elimu.filamu,,,,piper,1
4523810,1753661871,ai.elimu.filamu,{'video_playback_position_ms': 40610},,,piper,1
4523811,1753661910,ai.elimu.filamu,,,,piper,1
4523812,1753661944,ai.elimu.filamu,{'video_playback_position_ms': 20031},,,piper,1
4523813,1753662061,ai.elimu.filamu,,,,piper,1
4523814,1753662082,ai.elimu.filamu,{'video_playback_position_ms': 8054},,,piper,1
4523815,1753662162,ai.elimu.filamu,,,,piper,1
4523816,1753662197,ai.elimu.filamu,{'video_playback_position_ms': 3022},,,piper,1
4523817,1753662256,ai.elimu.filamu,,,,piper,1
4523818,1753662309,ai.elimu.filamu,{'video_playback_position_ms': 25104},,,piper,1
4523819,1753662375,ai.elimu.filamu,,,,piper,1
4523820,1753662410,ai.elimu.filamu,{'video_playback_position_ms': 26543},,,piper,1
4523821,1753662434,ai.elimu.filamu,,,,piper,1
4523822,1753662471,ai.elimu.filamu,{'video_playback_position_ms': 27861},,,piper,1
4523823,1753662591,ai.elimu.filamu,,,,piper,1
4523824,1753662613,ai.elimu.filamu,{'video_playback_position_ms': 4059},,,piper,1
4523825,1753662666,ai.elimu.filamu,,,,piper,1
4523826,1753662705,ai.elimu.filamu,{'video_playback_position_ms': 51270},,,piper,1
4523827,1753662805,ai.elimu.filamu,,,,piper,1
4523828,1753662831,ai.elimu.filamu,{'video_playback_position_ms': 4510},,,piper,1
4523829,1753662938,ai.elimu.filamu,,,,piper,1
4523830,1753662951,ai.elimu.filamu,{'video_playback_position_ms': 32044},,,piper,1
4523831,1753662969,ai.elimu.filamu,,,,piper,1
4523832,1753662973,ai.elimu.filamu,{'video_playback_position_ms': 27521},,,piper,1
4523871,1754181622,ai.elimu.filamu,,,,piper,1
4523872,1754181640,ai.elimu.filamu,{'video_playback_position_ms': 42802},,,piper,1
4523873,1754181739,ai.elimu.filamu,,,,piper,1
4523874,1754181798,ai.elimu.filamu,{'video_playback_position_ms': 1329},,,piper,1
4523909,1754270198,ai.elimu.filamu,,,,piper,1
4523910,1754270210,ai.elimu.filamu,{'video_playback_position_ms': 48788},,,piper,1
4523911,1754270276,ai.elimu.filamu,,,,piper,1
4523912,1754270291,ai.elimu.filamu,{'video_playback_position_ms': 43475},,,piper,1
4523913,1754270354,ai.elimu.filamu,,,,piper,1
4523914,1754270386,ai.elimu.filamu,{'video_playback_position_ms': 53031},,,piper,1
4523915,1754270501,ai.elimu.filamu,,,,piper,1
4523916,1754270515,ai.elimu.filamu,{'video_playback_position_ms': 21285},,,piper,1
4523917,1754270554,ai.elimu.filamu,,,,piper,1
4523918,1754270567,ai.elimu.filamu,{'video_playback_position_ms': 57867},,,piper,1
4523919,1754270682,ai.elimu.filamu,,,,piper,1
4523920,1754270726,ai.elimu.filamu,{'video_playback_position_ms': 12418},,,piper,1
4523921,1754270818,ai.elimu.filamu,,,,piper,1
4523922,1754270848,ai.elimu.filamu,{'video_playback_position_ms': 36213},,,piper,1
4523923,1754270947,ai.elimu.filamu,,,,piper,1
4523924,1754270954,ai.elimu.filamu,{'video_playback_position_ms': 46432},,,piper,1
4523925,1754271071,ai.elimu.filamu,,,,piper,1
4523926,1754271083,ai.elimu.filamu,{'video_playback_position_ms': 40712},,,piper,1
4523927,1754271128,ai.elimu.filamu,,,,piper,1
4523928,1754271130,ai.elimu.filamu,{'video_playback_position_ms': 3868},,,piper,1
4523929,1754271156,ai.elimu.filamu,,,,piper,1
4523930,1754271192,ai.elimu.filamu,{'video_playback_position_ms': 35735},,,piper,1
4523931,1754271225,ai.elimu.filamu,,,,piper,1
4523932,1754271252,ai.elimu.filamu,{'video_playback_position_ms': 40830},,,piper,1
4523933,1754271277,ai.elimu.filamu,,,,piper,1
4523934,1754271279,ai.elimu.filamu,{'video_playback_position_ms': 3198},,,piper,1
4523937,1754351420,ai.elimu.filamu,,,,piper,1
4523938,1754351441,ai.elimu.filamu,{'video_playback_position_ms': 47092},,,piper,1
4523939,1754351546,ai.elimu.filamu,,,,piper,1
4523940,1754351575,ai.elimu.filamu,{'video_playback_position_ms': 36188},,,piper,1
4523941,1754351618,ai.elimu.filamu,,,,piper,1
4523942,1754351663,ai.elimu.filamu,{'video_playback_position_ms': 4833},,,piper,1
4523943,1754351731,ai.elimu.filamu,,,,piper,1
4523944,1754351772,ai.elimu.filamu,{'video_playback_position_ms': 3064},,,piper,1
4523945,1754351865,ai.elimu.filamu,,,,piper,1
4523946,1754351895,ai.elimu.filamu,{'video_playback_position_ms': 1911},,,piper,1
4523947,1754351912,ai.elimu.filamu,,,,piper,1
4523948,1754351915,ai.elimu.filamu,{'video_playback_position_ms': 23648},,,piper,1
4523949,1754351963,ai.elimu.filamu,,,,piper,1
4523950,1754352022,ai.elimu.filamu,{'video_playback_position_ms': 40880},,,piper,1
4523951,1754352095,ai.elimu.filamu,,,,piper,1
4523952,1754352112,ai.elimu.filamu,{'video_playback_position_ms': 11435},,,piper,1
4523953,1754352149,ai.elimu.filamu,,,,piper,1
4523954,1754352201,ai.elimu.filamu,{'video_playback_position_ms': 18137},,,piper,1
4523955,1754352297,ai.elimu.filamu,,,,piper,1
4523956,1754352309,ai.elimu.filamu,{'video_playback_position_ms': 11873},,,piper,1
4523957,1754352344,ai.elimu.filamu,,,,piper,1
4523958,1754352385,ai.elimu.filamu,{'video_playback_position_ms': 16936},,,piper,1
4523959,1754352498,ai.elimu.filamu,,,,piper,1
4523960,1754352523,ai.elimu.filamu,{'video_playback_position_ms': 17656},,,piper,1
4523961,1754352581,ai.elimu.filamu,,,,piper,1
4523962,1754352600,ai.elimu.filamu,{'video_playback_position_ms': 30847},,,piper,1
4523963,1754352660,ai.elimu.filamu,,,,piper,1
4523964,1754352708,ai.elimu.filamu,{'video_playback_position_ms': 59929},,,piper,1
4523965,1754352779,ai.elimu.filamu,,,,piper,1
4523966,1754352818,ai.elimu.filamu,{'video_playback_position_ms': 6125},,,piper,1
4523967,1754352885,ai.elimu.filamu,,,,piper,1
4523968,1754352926,ai.elimu.filamu,{'video_playback_position_ms': 31799},,,piper,1
4523969,1754353030,ai.elimu.filamu,,,,piper,1
4523970,1754353041,ai.elimu.filamu,{'video_playback_position_ms': 2384},,,piper,1
4524065,1754613776,ai.elimu.filamu,,,,piper,1
4524066,1754613809,ai.elimu.filamu,{'video_playback_position_ms': 33645},,,piper,1
4524067,1754613909,ai.elimu.filamu,,,,piper,1
4524068,1754613968,ai.elimu.filamu,{'video_playback_position_ms': 15995},,,piper,1
4524069,1754614027,ai.elimu.filamu,,,,piper,1
4524070,1754614055,ai.elimu.filamu,{'video_playback_position_ms': 5889},,,piper,1
4524071,1754614152,ai.elimu.filamu,,,,piper,1
4524072,1754614162,ai.elimu.filamu,{'video_playback_position_ms': 46028},,,piper,1
4524073,1754614215,ai.elimu.filamu,,,,piper,1
4524074,1754614232,ai.elimu.filamu,{'video_playback_position_ms': 41601},,,piper,1
4524075,1754614262,ai.elimu.filamu,,,,piper,1
4524076,1754614301,ai.elimu.filamu,{'video_playback_position_ms': 42653},,,piper,1
4524077,1754614331,ai.elimu.filamu,,,,piper,1
4524078,1754614365,ai.elimu.filamu,{'video_playback_position_ms': 17859},,,piper,1
4524079,1754614462,ai.elimu.filamu,,,,piper,1
4524080,1754614500,ai.elimu.filamu,{'video_playback_position_ms': 26765},,,piper,1
4524081,1754614581,ai.elimu.filamu,,,,piper,1
4524082,1754614617,ai.elimu.filamu,{'video_playback_position_ms': 59047},,,piper,1
4524083,1754614659,ai.elimu.filamu,,,,piper,1
4524084,1754614683,ai.elimu.filamu,{'video_playback_position_ms': 33110},,,piper,1
4524185,1754958501,ai.elimu.filamu,,,,piper,1
4524186,1754958545,ai.elimu.filamu,{'video_playback_position_ms': 31260},,,piper,1
4524187,1754958616,ai.elimu.filamu,,,,piper,1
4524188,1754958636,ai.elimu.filamu,{'video_playback_position_ms': 21456},,,piper,1
4524189,1754958747,ai.elimu.filamu,,,,piper,1
4524190,1754958762,ai.elimu.filamu,{'video_playback_position_ms': 1017},,,piper,1
4524191,1754958877,ai.elimu.filamu,,,,piper,1
4524192,1754958885,ai.elimu.filamu,{'video_playback_position_ms': 55931},,,piper,1
4524193,1754958994,ai.elimu.filamu,,,,piper,1
4524194,1754959030,ai.elimu.filamu,{'video_playback_position_ms': 33285},,,piper,1
4524195,1754959099,ai.elimu.filamu,,,,piper,1
4524196,1754959109,ai.elimu.filamu,{'video_playback_position_ms': 7156},,,piper,1
4524325,1755133026,ai.elimu.filamu,,,,piper,1
4524326,1755133036,ai.elimu.filamu,{'video_playback_position_ms': 50265},,,piper,1
4524327,1755133140,ai.elimu.filamu,,,,piper,1
4524328,1755133197,ai.elimu.filamu,{'video_playback_position_ms': 2474},,,piper,1
4524329,1755133274,ai.elimu.filamu,,,,piper,1
4524330,1755133317,ai.elimu.filamu,{'video_playback_position_ms': 10654},,,piper,1
4524331,1755133424,ai.elimu.filamu,,,,piper,1
4524332,1755133447,ai.elimu.filamu,{'video_playback_position_ms': 12570},,,piper,1
4524333,1755133471,ai.elimu.filamu,,,,piper,1
4524334,1755133478,ai.elimu.filamu,{'video_playback_position_ms': 45541},,,piper,1
4524335,1755133505,ai.elimu.filamu,,,,piper,1
4524336,1755133536,ai.elimu.filamu,{'video_playback_position_ms': 49934},,,piper,1
4524337,1755133626,ai.elimu.filamu,,,,piper,1
4524338,1755133635,ai.elimu.filamu,{'video_playback_position_ms': 9399},,,piper,1
4524373,1755303861,ai.elimu.filamu,,,,piper,1
4524374,1755303889,ai.elimu.filamu,{'video_playback_position_ms': 16776},,,piper,1
4524375,1755303942,ai.elimu.filamu,,,,piper,1
4524376,1755303966,ai.elimu.filamu,{'video_playback_position_ms': 31115},,,piper,1
4524377,1755304046,ai.elimu.filamu,,,,piper,1
4524378,1755304083,ai.elimu.filamu,{'video_playback_position_ms': 28665},,,piper,1
4524379,1755304158,ai.elimu.filamu,,,,piper,1
4524380,1755304164,ai.elimu.filamu,{'video_playback_position_ms': 22857},,,piper,1
4524381,1755304262,ai.elimu.filamu,,,,piper,1
4524382,1755304286,ai.elimu.filamu,{'video_playback_position_ms': 57379},,,piper,1
4524383,1755304305,ai.elimu.filamu,,,,piper,1
4524384,1755304341,ai.elimu.filamu,{'video_playback_position_ms': 25167},,,piper,1
4524385,1755304364,ai.elimu.filamu,,,,piper,1
4524386,1755304410,ai.elimu.filamu,{'video_playback_position_ms': 41523},,,piper,1
4524387,1755304461,ai.elimu.filamu,,,,piper,1
4524388,1755304494,ai.elimu.filamu,{'video_playback_position_ms': 22925},,,piper,1
4524389,1755304555,ai.elimu.filamu,,,,piper,1
4524390,1755304574,ai.elimu.filamu,{'video_playback_position_ms': 19937},,,piper,1
4524391,1755304627,ai.elimu.filamu,,,,piper,1
4524392,1755304645,ai.elimu.filamu,{'video_playback_position_ms': 16602},,,piper,1
4524423,1755390776,ai.elimu.filamu,,,,piper,1
4524424,1755390836,ai.elimu.filamu,{'video_playback_position_ms': 22333},,,piper,1
4524425,1755390891,ai.elimu.filamu,,,,piper,1
4524426,1755390916,ai.elimu.filamu,{'video_playback_position_ms': 34001},,,piper,1
4524427,1755390977,ai.elimu.filamu,,,,piper,1
4524428,1755391027,ai.elimu.filamu,{'video_playback_position_ms': 25110},,,piper,1
4524429,1755391076,ai.elimu.filamu,,,,piper,1
4524430,1755391090,ai.elimu.filamu,{'video_playback_position_ms': 32120},,,piper,1
4524431,1755391118,ai.elimu.filamu,,,,piper,1
4524432,1755391175,ai.elimu.filamu,{'video_playback_position_ms': 12720},,,piper,1
4524433,1755391237,ai.elimu.filamu,,,,piper,1
4524434,1755391296,ai.elimu.filamu,{'video_playback_position_ms': 41711},,,piper,1
4524435,1755391392,ai.elimu.filamu,,,,piper,1
4524436,1755391440,ai.elimu.filamu,{'video_playback_position_ms': 49111},,,piper,1
4524437,1755391558,ai.elimu.filamu,,,,piper,1
4524438,1755391579,ai.elimu.filamu,{'video_playback_position_ms': 50863},,,piper,1
4524439,1755391598,ai.elimu.filamu,,,,piper,1
4524440,1755391649,ai.elimu.filamu,{'video_playback_position_ms': 39389},,,piper,1
4524441,1755391673,ai.elimu.filamu,,,,piper,1
4524442,1755391688,ai.elimu.filamu,{'video_playback_position_ms': 53902},,,piper,1
4524443,1755391801,ai.elimu.filamu,,,,piper,1
4524444,1755391860,ai.elimu.filamu,{'video_playback_position_ms': 1228},,,piper,1
4524445,1755391910,ai.elimu.filamu,,,,piper,1
4524446,1755391929,ai.elimu.filamu,{'video_playback_position_ms': 4672},,,piper,1
4524447,1755392048,ai.elimu.filamu,,,,piper,1
4524448,1755392061,ai.elimu.filamu,{'video_playback_position_ms': 47776},,,piper,1
4524449,1755392109,ai.elimu.filamu,,,,piper,1
4524450,1755392126,ai.elimu.filamu,{'video_playback_position_ms': 47155},,,piper,1
4524451,1755392157,ai.elimu.filamu,,,,piper,1
4524452,1755392207,ai.elimu.filamu,{'video_playback_position_ms': 47229},,,piper,1
4524537,1755563793,ai.elimu.filamu,,,,piper,1
4524538,1755563800,ai.elimu.filamu,{'video_playback_position_ms': 6356},,,piper,1
4524539,1755563897,ai.elimu.filamu,,,,piper,1
4524540,1755563917,ai.elimu.filamu,{'video_playback_position_ms': 8326},,,piper,1
4524541,1755564034,ai.elimu.filamu,,,,piper,1
4524542,1755564066,ai.elimu.filamu,{'video_playback_position_ms': 25862},,,piper,1
4524543,1755564156,ai.elimu.filamu,,,,piper,1
4524544,1755564203,ai.elimu.filamu,{'video_playback_position_ms': 22880},,,piper,1
4524545,1755564289,ai.elimu.filamu,,,,piper,1
4524546,1755564319,ai.elimu.filamu,{'video_playback_position_ms': 30773},,,piper,1
4524547,1755564370,ai.elimu.filamu,,,,piper,1
4524548,1755564390,ai.elimu.filamu,{'video_playback_position_ms': 32869},,,piper,1
4524549,1755564500,ai.elimu.filamu,,,,piper,1
4524550,1755564515,ai.elimu.filamu,{'video_playback_position_ms': 16364},,,piper,1
4524551,1755564553,ai.elimu.filamu,,,,piper,1
4524552,1755564584,ai.elimu.filamu,{'video_playback_position_ms': 38088},,,piper,1
4524569,1755598524,ai.elimu.filamu,,,,piper,1
4524570,1755598543,ai.elimu.filamu,{'video_playback_position_ms': 50757},,,piper,1
4524609,1757119909,ai.elimu.filamu,,,,piper,1
4524610,1757119928,ai.elimu.filamu,{'video_playback_position_ms': 28289},,,piper,1
4524611,1757119944,ai.elimu.filamu,,,,piper,1
4524612,1757119964,ai.elimu.filamu,{'video_playback_position_ms': 24779},,,piper,1
4524613,1757120045,ai.elimu.filamu,,,,piper,1
4524614,1757120063,ai.elimu.filamu,{'video_playback_position_ms': 24163},,,piper,1
4524615,1757120094,ai.elimu.filamu,,,,piper,1
4524616,1757120137,ai.elimu.filamu,{'video_playback_position_ms': 16502},,,piper,1
4524617,1757120247,ai.elimu.filamu,,,,piper,1
4524618,1757120262,ai.elimu.filamu,{'video_playback_position_ms': 45223},,,piper,1
4524619,1757120282,ai.elimu.filamu,,,,piper,1
4524620,1757120305,ai.elimu.filamu,{'video_playback_position_ms': 52254},,,piper,1
4524621,1757120420,ai.elimu.filamu,,,,piper,1
4524622,1757120461,ai.elimu.filamu,{'video_playback_position_ms': 16238},,,piper,1
4524637,1757202687,ai.elimu.filamu,,,,piper,1
4524638,1757202736,ai.elimu.filamu,{'video_playback_position_ms': 48670},,,piper,1
4524639,1757202817,ai.elimu.filamu,,,,piper,1
4524640,1757202860,ai.elimu.filamu,{'video_playback_position_ms': 18687},,,piper,1
4524641,1757202963,ai.elimu.filamu,,,,piper,1
4524642,1757202969,ai.elimu.filamu,{'video_playback_position_ms': 29602},,,piper,1
4524643,1757203088,ai.elimu.filamu,,,,piper,1
4524644,1757203121,ai.elimu.filamu,{'video_playback_position_ms': 24237},,,piper,1
4524645,1757203211,ai.elimu.filamu,,,,piper,1
4524646,1757203223,ai.elimu.filamu,{'video_playback_position_ms': 9092},,,piper,1
4524647,1757203266,ai.elimu.filamu,,,,piper,1
4524648,1757203322,ai.elimu.filamu,{'video_playback_position_ms': 28897},,,piper,1
4524649,1757203373,ai.elimu.filamu,,,,piper,1
4524650,1757203417,ai.elimu.filamu,{'video_playback_position_ms': 52750},,,piper,1
4524651,1757203523,ai.elimu.filamu,,,,piper,1
4524652,1757203538,ai.elimu.filamu,{'video_playback_position_ms': 49876},,,piper,1
4524653,1757203563,ai.elimu.filamu,,,,piper,1
4524654,1757203605,ai.elimu.filamu,{'video_playback_position_ms': 13290},,,piper,1
4524655,1757203648,ai.elimu.filamu,,,,piper,1
4524656,1757203700,ai.elimu.filamu,{'video_playback_position_ms': 15684},,,piper,1
4524657,1757203772,ai.elimu.filamu,,,,piper,1
4524658,1757203815,ai.elimu.filamu,{'video_playback_position_ms': 10091},,,piper,1
4524659,1757203843,ai.elimu.filamu,,,,piper,1
4524660,1757203875,ai.elimu.filamu,{'video_playback_position_ms': 55625},,,piper,1
4524661,1757203958,ai.elimu.filamu,,,,piper,1
4524662,1757204005,ai.elimu.filamu,{'video_playback_position_ms': 6257},,,piper,1
4524663,1757204039,ai.elimu.filamu,,,,piper,1
4524664,1757204095,ai.elimu.filamu,{'video_playback_position_ms': 3052},,,piper,1
4524665,1757204203,ai.elimu.filamu,,,,piper,1
4524666,1757204257,ai.elimu.filamu,{'video_playback_position_ms': 56989},,,piper,1
4524698,1757293461,ai.elimu.filamu,,,,piper,1
4524699,1757293471,ai.elimu.filamu,{'video_playback_position_ms': 11583},,,piper,1
4524700,1757293561,ai.elimu.filamu,,,,piper,1
4524701,1757293567,ai.elimu.filamu,{'video_playback_position_ms': 1918},,,piper,1
4524702,1757293625,ai.elimu.filamu,,,,piper,1
4524703,1757293648,ai.elimu.filamu,{'video_playback_position_ms': 33160},,,piper,1
4524704,1757293718,ai.elimu.filamu,,,,piper,1
4524705,1757293720,ai.elimu.filamu,{'video_playback_position_ms': 49603},,,piper,1
4524706,1757293837,ai.elimu.filamu,,,,piper,1
4524707,1757293855,ai.elimu.filamu,{'video_playback_position_ms': 1541},,,piper,1
4524708,1757293911,ai.elimu.filamu,,,,piper,1
4524709,1757293922,ai.elimu.filamu,{'video_playback_position_ms': 18709},,,piper,1
4524710,1757293974,ai.elimu.filamu,,,,piper,1
4524711,1757293998,ai.elimu.filamu,{'video_playback_position_ms': 30572},,,piper,1
4524712,1757294049,ai.elimu.filamu,,,,piper,1
4524713,1757294102,ai.elimu.filamu,{'video_playback_position_ms': 47787},,,piper,1
4524734,1757377147,ai.elimu.filamu,,,,piper,1
4524735,1757377157,ai.elimu.filamu,{'video_playback_position_ms': 46930},,,piper,1
4524736,1757377218,ai.elimu.filamu,,,,piper,1
4524737,1757377272,ai.elimu.filamu,{'video_playback_position_ms': 1972},,,piper,1
4524738,1757377330,ai.elimu.filamu,,,,piper,1
4524739,1757377370,ai.elimu.filamu,{'video_playback_position_ms': 40652},,,piper,1
4524740,1757377425,ai.elimu.filamu,,,,piper,1
4524741,1757377478,ai.elimu.filamu,{'video_playback_position_ms': 45212},,,piper,1
4524742,1757377511,ai.elimu.filamu,,,,piper,1
4524743,1757377563,ai.elimu.filamu,{'video_playback_position_ms': 59783},,,piper,1
4524744,1757377654,ai.elimu.filamu,,,,piper,1
4524745,1757377705,ai.elimu.filamu,{'video_playback_position_ms': 11217},,,piper,1
4524776,1757466757,ai.elimu.filamu,,,,piper,1
4524777,1757466782,ai.elimu.filamu,{'video_playback_position_ms': 56911},,,piper,1
4524778,1757466896,ai.elimu.filamu,,,,piper,1
4524779,1757466916,ai.elimu.filamu,{'video_playback_position_ms': 53604},,,piper,1
4524780,1757466932,ai.elimu.filamu,,,,piper,1
4524781,1757466936,ai.elimu.filamu,{'video_playback_position_ms': 11593},,,piper,1
4524782,1757466990,ai.elimu.filamu,,,,piper,1
4524783,1757466999,ai.elimu.filamu,{'video_playback_position_ms': 3964},,,piper,1
4524784,1757467052,ai.elimu.filamu,,,,piper,1
4524785,1757467073,ai.elimu.filamu,{'video_playback_position_ms': 4707},,,piper,1
4524786,1757467129,ai.elimu.filamu,,,,piper,1
4524787,1757467132,ai.elimu.filamu,{'video_playback_position_ms': 29118},,,piper,1
4524788,1757467155,ai.elimu.filamu,,,,piper,1
4524789,1757467211,ai.elimu.filamu,{'video_playback_position_ms': 30606},,,piper,1
4524790,1757467314,ai.elimu.filamu,,,,piper,1
4524791,1757467322,ai.elimu.filamu,{'video_playback_position_ms': 40261},,,piper,1
4524792,1757467424,ai.elimu.filamu,,,,piper,1
4524793,1757467435,ai.elimu.filamu,{'video_playback_position_ms': 37655},,,piper,1
4524794,1757467544,ai.elimu.filamu,,,,piper,1
4524795,1757467602,ai.elimu.filamu,{'video_playback_position_ms': 7656},,,piper,1
4524796,1757467675,ai.elimu.filamu,,,,piper,1
4524797,1757467691,ai.elimu.filamu,{'video_playback_position_ms': 15958},,,piper,1
4524798,1757467793,ai.elimu.filamu,,,,piper,1
4524799,1757467808,ai.elimu.filamu,{'video_playback_position_ms': 36312},,,piper,1
4524800,1757467910,ai.elimu.filamu,,,,piper,1
4524801,1757467951,ai.elimu.filamu,{'video_playback_position_ms': 57540},,,piper,1
4524802,1757467978,ai.elimu.filamu,,,,piper,1
4524803,1757468010,ai.elimu.filamu,{'video_playback_position_ms': 22933},,,piper,1
4524838,1757637748,ai.elimu.filamu,,,,piper,1
4524839,1757637753,ai.elimu.filamu,{'video_playback_position_ms': 52105},,,piper,1
4524840,1757637812,ai.elimu.filamu,,,,piper,1
4524841,1757637844,ai.elimu.filamu,{'video_playback_position_ms': 34993},,,piper,1
4524842,1757637919,ai.elimu.filamu,,,,piper,1
4524843,1757637953,ai.elimu.filamu,{'video_playback_position_ms': 6043},,,piper,1
4524844,1757638029,ai.elimu.filamu,,,,piper,1
4524845,1757638058,ai.elimu.filamu,{'video_playback_position_ms': 6562},,,piper,1
4524846,1757638086,ai.elimu.filamu,,,,piper,1
4524847,1757638137,ai.elimu.filamu,{'video_playback_position_ms': 27347},,,piper,1
4524848,1757638242,ai.elimu.filamu,,,,piper,1
4524849,1757638261,ai.elimu.filamu,{'video_playback_position_ms': 34725},,,piper,1
4524850,1757638367,ai.elimu.filamu,,,,piper,1
4524851,1757638398,ai.elimu.filamu,{'video_playback_position_ms': 27049},,,piper,1
4524852,1757638448,ai.elimu.filamu,,,,piper,1
4524853,1757638503,ai.elimu.filamu,{'video_playback_position_ms': 32488},,,piper,1
4524854,1757638594,ai.elimu.filamu,,,,piper,1
4524855,1757638616,ai.elimu.filamu,{'video_playback_position_ms': 44426},,,piper,1
4524856,1757638730,ai.elimu.filamu,,,,piper,1
4524857,1757638750,ai.elimu.filamu,{'video_playback_position_ms': 56624},,,piper,1
4524882,1757724345,ai.elimu.filamu,,,,piper,1
4524883,1757724365,ai.elimu.filamu,{'video_playback_position_ms': 11833},,,piper,1
4524884,1757724481,ai.elimu.filamu,,,,piper,1
4524885,1757724491,ai.elimu.filamu,{'video_playback_position_ms': 17670},,,piper,1
4524886,1757724549,ai.elimu.filamu,,,,piper,1
4524887,1757724582,ai.elimu.filamu,{'video_playback_position_ms': 26932},,,piper,1
4524888,1757724599,ai.elimu.filamu,,,,piper,1
4524889,1757724626,ai.elimu.filamu,{'video_playback_position_ms': 13756},,,piper,1
4524890,1757724695,ai.elimu.filamu,,,,piper,1
4524891,1757724700,ai.elimu.filamu,{'video_playback_position_ms': 16954},,,piper,1
4524892,1757724733,ai.elimu.filamu,,,,piper,1
4524893,1757724743,ai.elimu.filamu,{'video_playback_position_ms': 22552},,,piper,1
4524894,1757724855,ai.elimu.filamu,,,,piper,1
4524895,1757724894,ai.elimu.filamu,{'video_playback_position_ms': 31604},,,piper,1
4524896,1757725004,ai.elimu.filamu,,,,piper,1
4524897,1757725041,ai.elimu.filamu,{'video_playback_position_ms': 28809},,,piper,1
4524906,1757809962,ai.elimu.filamu,,,,piper,1
4524907,1757809983,ai.elimu.filamu,{'video_playback_position_ms': 9391},,,piper,1
4524908,1757810076,ai.elimu.filamu,,,,piper,1
4524909,1757810132,ai.elimu.filamu,{'video_playback_position_ms': 14511},,,piper,1
4524910,1757810165,ai.elimu.filamu,,,,piper,1
4524911,1757810171,ai.elimu.filamu,{'video_playback_position_ms': 47544},,,piper,1
4524912,1757810252,ai.elimu.filamu,,,,piper,1
4524913,1757810278,ai.elimu.filamu,{'video_playback_position_ms': 39187},,,piper,1
4524914,1757810383,ai.elimu.filamu,,,,piper,1
4524915,1757810398,ai.elimu.filamu,{'video_playback_position_ms': 23778},,,piper,1
4524916,1757810425,ai.elimu.filamu,,,,piper,1
4524917,1757810442,ai.elimu.filamu,{'video_playback_position_ms': 14623},,,piper,1
4524918,1757810553,ai.elimu.filamu,,,,piper,1
4524919,1757810574,ai.elimu.filamu,{'video_playback_position_ms': 18722},,,piper,1
4524920,1757810649,ai.elimu.filamu,,,,piper,1
4524921,1757810666,ai.elimu.filamu,{'video_playback_position_ms': 9950},,,piper,1
4524922,1757810740,ai.elimu.filamu,,,,piper,1
4524923,1757810755,ai.elimu.filamu,{'video_playback_position_ms': 56003},,,piper,1
4524924,1757810839,ai.elimu.filamu,,,,piper,1
4524925,1757810842,ai.elimu.filamu,{'video_playback_position_ms': 27789},,,piper,1
4524926,1757810954,ai.elimu.filamu,,,,piper,1
4524927,1757810973,ai.elimu.filamu,{'video_playback_position_ms': 49607},,,piper,1
4524928,1757811088,ai.elimu.filamu,,,,piper,1
4524929,1757811139,ai.elimu.filamu,{'video_playback_position_ms': 18991},,,piper,1
4524930,1757811254,ai.elimu.filamu,,,,piper,1
4524931,1757811295,ai.elimu.filamu,{'video_playback_position_ms': 43085},,,piper,1
4524932,1757811328,ai.elimu.filamu,,,,piper,1
4524933,1757811346,ai.elimu.filamu,{'video_playback_position_ms': 5045},,,piper,1
4524934,1757811396,ai.elimu.filamu,,,,piper,1
4524935,1757811418,ai.elimu.filamu,{'video_playback_position_ms': 54683},,,piper,1
4524936,1757811448,ai.elimu.filamu,,,,piper,1
4524937,1757811484,ai.elimu.filamu,{'video_playback_position_ms': 16572},,,piper,1
4524938,1757811567,ai.elimu.filamu,,,,piper,1
4524939,1757811578,ai.elimu.filamu,{'video_playback_position_ms': 9482},,,piper,1
4524940,1757898289,ai.elimu.filamu,,,,piper,1
4524941,1757898333,ai.elimu.filamu,{'video_playback_position_ms': 27939},,,piper,1
4524942,1757898432,ai.elimu.filamu,,,,piper,1
4524943,1757898477,ai.elimu.filamu,{'video_playback_position_ms': 52408},,,piper,1
4524944,1757898518,ai.elimu.filamu,,,,piper,1
4524945,1757898534,ai.elimu.filamu,{'video_playback_position_ms': 59741},,,piper,1
4524946,1757898601,ai.elimu.filamu,,,,piper,1
4524947,1757898645,ai.elimu.filamu,{'video_playback_position_ms': 7936},,,piper,1
4524976,1757980185,ai.elimu.filamu,,,,piper,1
4524977,1757980231,ai.elimu.filamu,{'video_playback_position_ms': 14125},,,piper,1
4524978,1757980308,ai.elimu.filamu,,,,piper,1
4524979,1757980317,ai.elimu.filamu,{'video_playback_position_ms': 36847},,,piper,1
4524980,1757980426,ai.elimu.filamu,,,,piper,1
4524981,1757980445,ai.elimu.filamu,{'video_playback_position_ms': 4785},,,piper,1
4524982,1757980536,ai.elimu.filamu,,,,piper,1
4524983,1757980581,ai.elimu.filamu,{'video_playback_position_ms': 48118},,,piper,1
4524984,1757980658,ai.elimu.filamu,,,,piper,1
4524985,1757980698,ai.elimu.filamu,{'video_playback_position_ms': 35194},,,piper,1
4524986,1757980802,ai.elimu.filamu,,,,piper,1
4524987,1757980814,ai.elimu.filamu,{'video_playback_position_ms': 30262},,,piper,1
4524988,1757980892,ai.elimu.filamu,,,,piper,1
4524989,1757980931,ai.elimu.filamu,{'video_playback_position_ms': 32979},,,piper,1
4524990,1757980950,ai.elimu.filamu,,,,piper,1
4524991,1757980976,ai.elimu.filamu,{'video_playback_position_ms': 39631},,,piper,1
4525024,1758066635,ai.elimu.filamu,,,,piper,1
4525025,1758066658,ai.elimu.filamu,{'video_playback_position_ms': 18918},,,piper,1
4525026,1758066759,ai.elimu.filamu,,,,piper,1
4525027,1758066784,ai.elimu.filamu,{'video_playback_position_ms': 16312},,,piper,1
4525028,1758066885,ai.elimu.filamu,,,,piper,1
4525029,1758066915,ai.elimu.filamu,{'video_playback_position_ms': 15635},,,piper,1
4525030,1758066995,ai.elimu.filamu,,,,piper,1
4525031,1758067002,ai.elimu.filamu,{'video_playback_position_ms': 38371},,,piper,1
4525058,1758151891,ai.elimu.filamu,,,,piper,1
4525059,1758151904,ai.elimu.filamu,{'video_playback_position_ms': 4688},,,piper,1
4525060,1758151951,ai.elimu.filamu,,,,piper,1
4525061,1758151990,ai.elimu.filamu,{'video_playback_position_ms': 6290},,,piper,1
4525062,1758152056,ai.elimu.filamu,,,,piper,1
4525063,1758152100,ai.elimu.filamu,{'video_playback_position_ms': 11149},,,piper,1
4525064,1758152182,ai.elimu.filamu,,,,piper,1
4525065,1758152216,ai.elimu.filamu,{'video_playback_position_ms': 42410},,,piper,1
4525066,1758152334,ai.elimu.filamu,,,,piper,1
4525067,1758152350,ai.elimu.filamu,{'video_playback_position_ms': 53642},,,piper,1
4525068,1758152426,ai.elimu.filamu,,,,piper,1
4525069,1758152454,ai.elimu.filamu,{'video_playback_position_ms': 6228},,,piper,1
4525070,1758152563,ai.elimu.filamu,,,,piper,1
4525071,1758152588,ai.elimu.filamu,{'video_playback_position_ms': 13114},,,piper,1
4525072,1758152625,ai.elimu.filamu,,,,piper,1
4525073,1758152643,ai.elimu.filamu,{'video_playback_position_ms': 23355},,,piper,1
4525074,1758152737,ai.elimu.filamu,,,,piper,1
4525075,1758152796,ai.elimu.filamu,{'video_playback_position_ms': 24229},,,piper,1
4525076,1758152842,ai.elimu.filamu,,,,piper,1
4525077,1758152892,ai.elimu.filamu,{'video_playback_position_ms': 9746},,,piper,1
4525078,1758153007,ai.elimu.filamu,,,,piper,1
4525079,1758153012,ai.elimu.filamu,{'video_playback_position_ms': 19458},,,piper,1
4525080,1758153088,ai.elimu.filamu,,,,piper,1
4525081,1758153104,ai.elimu.filamu,{'video_playback_position_ms': 36277},,,piper,1
4525082,1758153209,ai.elimu.filamu,,,,piper,1
4525083,1758153228,ai.elimu.filamu,{'video_playback_position_ms': 38233},,,piper,1
4525084,1758153254,ai.elimu.filamu,,,,piper,1
4525085,1758153307,ai.elimu.filamu,{'video_playback_position_ms': 14255},,,piper,1
4525086,1758153351,ai.elimu.filamu,,,,piper,1
4525087,1758153366,ai.elimu.filamu,{'video_playback_position_ms': 3307},,,piper,1
4525088,1758153447,ai.elimu.filamu,,,,piper,1
4525089,1758153474,ai.elimu.filamu,{'video_playback_position_ms': 37596},,,piper,1
4525090,1758153521,ai.elimu.filamu,,,,piper,1
4525091,1758153572,ai.elimu.filamu,{'video_playback_position_ms': 39730},,,piper,1
4525092,1758153681,ai.elimu.filamu,,,,piper,1
4525093,1758153715,ai.elimu.filamu,{'video_playback_position_ms': 22872},,,piper,1
4525094,1758153770,ai.elimu.filamu,,,,piper,1
4525095,1758153826,ai.elimu.filamu,{'video_playback_position_ms': 40301},,,piper,1
4525130,1758500084,ai.elimu.filamu,,,,piper,1
4525131,1758500123,ai.elimu.filamu,{'video_playback_position_ms': 52264},,,piper,1
4525132,1758500139,ai.elimu.filamu,,,,piper,1
4525133,1758500194,ai.elimu.filamu,{'video_playback_position_ms': 55972},,,piper,1
4525134,1758500307,ai.elimu.filamu,,,,piper,1
4525135,1758500326,ai.elimu.filamu,{'video_playback_position_ms': 19304},,,piper,1
4525136,1758500436,ai.elimu.filamu,,,,piper,1
4525137,1758500473,ai.elimu.filamu,{'video_playback_position_ms': 51917},,,piper,1
4525138,1758500561,ai.elimu.filamu,,,,piper,1
4525139,1758500598,ai.elimu.filamu,{'video_playback_position_ms': 58113},,,piper,1
4525140,1758500675,ai.elimu.filamu,,,,piper,1
4525141,1758500725,ai.elimu.filamu,{'video_playback_position_ms': 28346},,,piper,1
4525142,1758500756,ai.elimu.filamu,,,,piper,1
4525143,1758500800,ai.elimu.filamu,{'video_playback_position_ms': 28431},,,piper,1
4525144,1758500918,ai.elimu.filamu,,,,piper,1
4525145,1758500926,ai.elimu.filamu,{'video_playback_position_ms': 36839},,,piper,1
4525146,1758500954,ai.elimu.filamu,,,,piper,1
4525147,1758500998,ai.elimu.filamu,{'video_playback_position_ms': 48039},,,piper,1
4525148,1758501088,ai.elimu.filamu,,,,piper,1
4525149,1758501126,ai.elimu.filamu,{'video_playback_position_ms': 24781},,,piper,1
4525150,1758501212,ai.elimu.filamu,,,,piper,1
4525151,1758501259,ai.elimu.filamu,{'video_playback_position_ms': 6773},,,piper,1
4525152,1758501316,ai.elimu.filamu,,,,piper,1
4525153,1758501352,ai.elimu.filamu,{'video_playback_position_ms': 56631},,,piper,1
4525154,1758501456,ai.elimu.filamu,,,,piper,1
4525155,1758501506,ai.elimu.filamu,{'video_playback_position_ms': 44545},,,piper,1
4525156,1758501595,ai.elimu.filamu,,,,piper,1
4525157,1758501616,ai.elimu.filamu,{'video_playback_position_ms': 41742},,,piper,1
4525158,1758501655,ai.elimu.filamu,,,,piper,1
4525159,1758501678,ai.elimu.filamu,{'video_playback_position_ms': 45979},,,piper,1
4525160,1758501754,ai.elimu.filamu,,,,piper,1
4525161,1758501763,ai.elimu.filamu,{'video_playback_position_ms': 59462},,,piper,1
4525200,1758673341,ai.elimu.filamu,,,,piper,1
4525201,1758673365,ai.elimu.filamu,{'video_playback_position_ms': 40022},,,piper,1
4525202,1758673473,ai.elimu.filamu,,,,piper,1
4525203,1758673499,ai.elimu.filamu,{'video_playback_position_ms': 56495},,,piper,1
4525204,1758673530,ai.elimu.filamu,,,,piper,1
4525205,1758673537,ai.elimu.filamu,{'video_playback_position_ms': 53733},,,piper,1
4525206,1758673653,ai.elimu.filamu,,,,piper,1
4525207,1758673708,ai.elimu.filamu,{'video_playback_position_ms': 17852},,,piper,1
4525208,1758673757,ai.elimu.filamu,,,,piper,1
4525209,1758673798,ai.elimu.filamu,{'video_playback_position_ms': 48992},,,piper,1
4525210,1758673822,ai.elimu.filamu,,,,piper,1
4525211,1758673831,ai.elimu.filamu,{'video_playback_position_ms': 6391},,,piper,1
4525212,1758673891,ai.elimu.filamu,,,,piper,1
4525213,1758673943,ai.elimu.filamu,{'video_playback_position_ms': 46860},,,piper,1
4525214,1758674027,ai.elimu.filamu,,,,piper,1
4525215,1758674077,ai.elimu.filamu,{'video_playback_position_ms': 1725},,,piper,1
4525216,1758674119,ai.elimu.filamu,,,,piper,1
4525217,1758674130,ai.elimu.filamu,{'video_playback_position_ms': 28068},,,piper,1
4525218,1758674194,ai.elimu.filamu,,,,piper,1
4525219,1758674244,ai.elimu.filamu,{'video_playback_position_ms': 42570},,,piper,1
4525220,1758674288,ai.elimu.filamu,,,,piper,1
4525221,1758674292,ai.elimu.filamu,{'video_playback_position_ms': 11096},,,piper,1
4525222,1758674345,ai.elimu.filamu,,,,piper,1
4525223,1758674381,ai.elimu.filamu,{'video_playback_position_ms': 15174},,,piper,1
4525224,1758674413,ai.elimu.filamu,,,,piper,1
4525225,1758674440,ai.elimu.filamu,{'video_playback_position_ms': 57383},,,piper,1
4525226,1758674549,ai.elimu.filamu,,,,piper,1
4525227,1758674600,ai.elimu.filamu,{'video_playback_position_ms': 25609},,,piper,1
4525228,1758674630,ai.elimu.filamu,,,,piper,1
4525229,1758674635,ai.elimu.filamu,{'video_playback_position_ms': 8220},,,piper,1
4525230,1758674674,ai.elimu.filamu,,,,piper,1
4525231,1758674728,ai.elimu.filamu,{'video_playback_position_ms': 47123},,,piper,1
4525232,1758674785,ai.elimu.filamu,,,,piper,1
4525233,1758674816,ai.elimu.filamu,{'video_playback_position_ms': 13552},,,piper,1
4525270,1758764983,ai.elimu.filamu,,,,piper,1
4525271,1758765034,ai.elimu.filamu,{'video_playback_position_ms': 47110},,,piper,1
4525272,1758765075,ai.elimu.filamu,,,,piper,1
4525273,1758765100,ai.elimu.filamu,{'video_playback_position_ms': 15577},,,piper,1
4525274,1758765185,ai.elimu.filamu,,,,piper,1
4525275,1758765213,ai.elimu.filamu,{'video_playback_position_ms': 2946},,,piper,1
4525402,1758931687,ai.elimu.filamu,,,,piper,1
4525403,1758931712,ai.elimu.filamu,{'video_playback_position_ms': 40227},,,piper,1
4525404,1758931761,ai.elimu.filamu,,,,piper,1
4525405,1758931799,ai.elimu.filamu,{'video_playback_position_ms': 28078},,,piper,1
4525406,1758931852,ai.elimu.filamu,,,,piper,1
4525407,1758931909,ai.elimu.filamu,{'video_playback_position_ms': 29386},,,piper,1
4525456,1759192837,ai.elimu.filamu,,,,piper,1
4525457,1759192864,ai.elimu.filamu,{'video_playback_position_ms': 42085},,,piper,1
4525458,1759192950,ai.elimu.filamu,,,,piper,1
4525459,1759192991,ai.elimu.filamu,{'video_playback_position_ms': 56687},,,piper,1
4525460,1759193078,ai.elimu.filamu,,,,piper,1
4525461,1759193126,ai.elimu.filamu,{'video_playback_position_ms': 58123},,,piper,1
4525462,1759193156,ai.elimu.filamu,,,,piper,1
4525463,1759193164,ai.elimu.filamu,{'video_playback_position_ms': 1227},,,piper,1
4525464,1759193272,ai.elimu.filamu,,,,piper,1
4525465,1759193291,ai.elimu.filamu,{'video_playback_position_ms': 50835},,,piper,1
4525466,1759193322,ai.elimu.filamu,,,,piper,1
4525467,1759193328,ai.elimu.filamu,{'video_playback_position_ms': 2880},,,piper,1
4525468,1759193440,ai.elimu.filamu,,,,piper,1
4525469,1759193454,ai.elimu.filamu,{'video_playback_position_ms': 28920},,,piper,1
4525470,1759193502,ai.elimu.filamu,,,,piper,1
4525471,1759193506,ai.elimu.filamu,{'video_playback_position_ms': 47122},,,piper,1
4525498,1759270215,ai.elimu.filamu,,,,piper,1
4525499,1759270275,ai.elimu.filamu,{'video_playback_position_ms': 32083},,,piper,1
4525500,1759270338,ai.elimu.filamu,,,,piper,1
4525501,1759270362,ai.elimu.filamu,{'video_playback_position_ms': 35337},,,piper,1
4525556,1759278205,ai.elimu.filamu,,,,piper,1
4525557,1759278256,ai.elimu.filamu,{'video_playback_position_ms': 46777},,,piper,1
4525558,1759278302,ai.elimu.filamu,,,,piper,1
4525559,1759278359,ai.elimu.filamu,{'video_playback_position_ms': 32392},,,piper,1
4525560,1759278470,ai.elimu.filamu,,,,piper,1
4525561,1759278498,ai.elimu.filamu,{'video_playback_position_ms': 9581},,,piper,1
4525562,1759278612,ai.elimu.filamu,,,,piper,1
4525563,1759278659,ai.elimu.filamu,{'video_playback_position_ms': 30076},,,piper,1
4525564,1759278709,ai.elimu.filamu,,,,piper,1
4525565,1759278748,ai.elimu.filamu,{'video_playback_position_ms': 29933},,,piper,1
4525566,1759278781,ai.elimu.filamu,,,,piper,1
4525567,1759278788,ai.elimu.filamu,{'video_playback_position_ms': 46255},,,piper,1
4525568,1759278871,ai.elimu.filamu,,,,piper,1
4525569,1759278896,ai.elimu.filamu,{'video_playback_position_ms': 17867},,,piper,1
4525570,1759278928,ai.elimu.filamu,,,,piper,1
4525571,1759278979,ai.elimu.filamu,{'video_playback_position_ms': 5748},,,piper,1
4525572,1759279058,ai.elimu.filamu,,,,piper,1
4525573,1759279092,ai.elimu.filamu,{'video_playback_position_ms': 3851},,,piper,1
4525574,1759279123,ai.elimu.filamu,,,,piper,1
4525575,1759279165,ai.elimu.filamu,{'video_playback_position_ms': 8642},,,piper,1
4525576,1759362425,ai.elimu.filamu,,,,piper,1
4525577,1759362482,ai.elimu.filamu,{'video_playback_position_ms': 6009},,,piper,1
4525578,1759362601,ai.elimu.filamu,,,,piper,1
4525579,1759362634,ai.elimu.filamu,{'video_playback_position_ms': 24734},,,piper,1
4525580,1759362680,ai.elimu.filamu,,,,piper,1
4525581,1759362713,ai.elimu.filamu,{'video_playback_position_ms': 28382},,,piper,1
4525582,1759362806,ai.elimu.filamu,,,,piper,1
4525583,1759362854,ai.elimu.filamu,{'video_playback_position_ms': 52722},,,piper,1
4525584,1759362934,ai.elimu.filamu,,,,piper,1
4525585,1759362968,ai.elimu.filamu,{'video_playback_position_ms': 4938},,,piper,1
4525586,1759363043,ai.elimu.filamu,,,,piper,1
4525587,1759363080,ai.elimu.filamu,{'video_playback_position_ms': 14933},,,piper,1
4525658,1759537549,ai.elimu.filamu,,,,piper,1
4525659,1759537563,ai.elimu.filamu,{'video_playback_position_ms': 42941},,,piper,1
4525660,1759537617,ai.elimu.filamu,,,,piper,1
4525661,1759537648,ai.elimu.filamu,{'video_playback_position_ms': 50315},,,piper,1
4525662,1759537753,ai.elimu.filamu,,,,piper,1
4525663,1759537770,ai.elimu.filamu,{'video_playback_position_ms': 21706},,,piper,1
4525664,1759537854,ai.elimu.filamu,,,,piper,1
4525665,1759537882,ai.elimu.filamu,{'video_playback_position_ms': 50255},,,piper,1
4525666,1759537912,ai.elimu.filamu,,,,piper,1
4525667,1759537951,ai.elimu.filamu,{'video_playback_position_ms': 23717},,,piper,1
4525668,1759538053,ai.elimu.filamu,,,,piper,1
4525669,1759538090,ai.elimu.filamu,{'video_playback_position_ms': 21864},,,piper,1
4525670,1759538140,ai.elimu.filamu,,,,piper,1
4525671,1759538147,ai.elimu.filamu,{'video_playback_position_ms': 20296},,,piper,1
4525672,1759538208,ai.elimu.filamu,,,,piper,1
4525673,1759538242,ai.elimu.filamu,{'video_playback_position_ms': 18119},,,piper,1
4525674,1759538285,ai.elimu.filamu,,,,piper,1
4525675,1759538310,ai.elimu.filamu,{'video_playback_position_ms': 39073},,,piper,1
4525676,1759538410,ai.elimu.filamu,,,,piper,1
4525677,1759538424,ai.elimu.filamu,{'video_playback_position_ms': 3343},,,piper,1
4525678,1759538494,ai.elimu.filamu,,,,piper,1
4525679,1759538534,ai.elimu.filamu,{'video_playback_position_ms': 37602},,,piper,1
4525680,1759538588,ai.elimu.filamu,,,,piper,1
4525681,1759538621,ai.elimu.filamu,{'video_playback_position_ms': 39914},,,piper,1
4525682,1759538735,ai.elimu.filamu,,,,piper,1
4525683,1759538786,ai.elimu.filamu,{'video_playback_position_ms': 23053},,,piper,1
4525684,1759538859,ai.elimu.filamu,,,,piper,1
4525685,1759538918,ai.elimu.filamu,{'video_playback_position_ms': 9663},,,piper,1
4525686,1759538943,ai.elimu.filamu,,,,piper,1
4525687,1759538952,ai.elimu.filamu,{'video_playback_position_ms': 36440},,,piper,1
4525688,1759539042,ai.elimu.filamu,,,,piper,1
4525689,1759539068,ai.elimu.filamu,{'video_playback_position_ms': 5226},,,piper,1
4525690,1759539137,ai.elimu.filamu,,,,piper,1
4525691,1759539164,ai.elimu.filamu,{'video_playback_position_ms': 45802},,,piper,1
4525692,1759539206,ai.elimu.filamu,,,,piper,1
4525693,1759539214,ai.elimu.filamu,{'video_playback_position_ms': 9731},,,piper,1
4525694,1759539300,ai.elimu.filamu,,,,piper,1
4525695,1759539348,ai.elimu.filamu,{'video_playback_position_ms': 16634},,,piper,1
4525742,1759626166,ai.elimu.filamu,,,,piper,1
4525743,1759626180,ai.elimu.filamu,{'video_playback_position_ms': 12624},,,piper,1
4525744,1759626261,ai.elimu.filamu,,,,piper,1
4525745,1759626264,ai.elimu.filamu,{'video_playback_position_ms': 7405},,,piper,1
4525746,1759626347,ai.elimu.filamu,,,,piper,1
4525747,1759626383,ai.elimu.filamu,{'video_playback_position_ms': 15198},,,piper,1
4525748,1759626466,ai.elimu.filamu,,,,piper,1
4525749,1759626476,ai.elimu.filamu,{'video_playback_position_ms': 13239},,,piper,1
4525750,1759626531,ai.elimu.filamu,,,,piper,1
4525751,1759626561,ai.elimu.filamu,{'video_playback_position_ms': 45915},,,piper,1
4525752,1759626584,ai.elimu.filamu,,,,piper,1
4525753,1759626596,ai.elimu.filamu,{'video_playback_position_ms': 3603},,,piper,1
4525754,1759626651,ai.elimu.filamu,,,,piper,1
4525755,1759626662,ai.elimu.filamu,{'video_playback_position_ms': 23664},,,piper,1
4525756,1759626722,ai.elimu.filamu,,,,piper,1
4525757,1759626750,ai.elimu.filamu,{'video_playback_position_ms': 50785},,,piper,1
4525758,1759626800,ai.elimu.filamu,,,,piper,1
4525759,1759626820,ai.elimu.filamu,{'video_playback_position_ms': 44827},,,piper,1
4525760,1759626896,ai.elimu.filamu,,,,piper,1
4525761,1759626950,ai.elimu.filamu,{'video_playback_position_ms': 17749},,,piper,1
4525762,1759627043,ai.elimu.filamu,,,,piper,1
4525763,1759627098,ai.elimu.filamu,{'video_playback_position_ms': 28070},,,piper,1
4525764,1759627126,ai.elimu.filamu,,,,piper,1
4525765,1759627159,ai.elimu.filamu,{'video_playback_position_ms': 40448},,,piper,1
4525766,1759627268,ai.elimu.filamu,,,,piper,1
4525767,1759627293,ai.elimu.filamu,{'video_playback_position_ms': 40879},,,piper,1
4525768,1759627313,ai.elimu.filamu,,,,piper,1
4525769,1759627329,ai.elimu.filamu,{'video_playback_position_ms': 32051},,,piper,1
4525770,1759627351,ai.elimu.filamu,,,,piper,1
4525771,1759627389,ai.elimu.filamu,{'video_playback_position_ms': 12547},,,piper,1
4525772,1759627431,ai.elimu.filamu,,,,piper,1
4525773,1759627438,ai.elimu.filamu,{'video_playback_position_ms': 56513},,,piper,1
4525774,1759627491,ai.elimu.filamu,,,,piper,1
4525775,1759627504,ai.elimu.filamu,{'video_playback_position_ms': 43274},,,piper,1
4525792,1759798494,ai.elimu.filamu,,,,piper,1
4525793,1759798524,ai.elimu.filamu,{'video_playback_position_ms': 39343},,,piper,1
4525794,1759798628,ai.elimu.filamu,,,,piper,1
4525795,1759798675,ai.elimu.filamu,{'video_playback_position_ms': 22638},,,piper,1
4525796,1759798725,ai.elimu.filamu,,,,piper,1
4525797,1759798784,ai.elimu.filamu,{'video_playback_position_ms': 33607},,,piper,1
4525798,1759798897,ai.elimu.filamu,,,,piper,1
4525799,1759798957,ai.elimu.filamu,{'video_playback_position_ms': 10286},,,piper,1
4525800,1759799034,ai.elimu.filamu,,,,piper,1
4525801,1759799048,ai.elimu.filamu,{'video_playback_position_ms': 25969},,,piper,1
4525802,1759799128,ai.elimu.filamu,,,,piper,1
4525803,1759799142,ai.elimu.filamu,{'video_playback_position_ms': 24521},,,piper,1
4525804,1759799217,ai.elimu.filamu,,,,piper,1
4525805,1759799268,ai.elimu.filamu,{'video_playback_position_ms': 20030},,,piper,1
4525806,1759799296,ai.elimu.filamu,,,,piper,1
4525807,1759799348,ai.elimu.filamu,{'video_playback_position_ms': 20621},,,piper,1
4525808,1759799422,ai.elimu.filamu,,,,piper,1
4525809,1759799464,ai.elimu.filamu,{'video_playback_position_ms': 3478},,,piper,1
4525856,1759882580,ai.elimu.filamu,,,,piper,1
4525857,1759882590,ai.elimu.filamu,{'video_playback_position_ms': 10815},,,piper,1
4525858,1759882694,ai.elimu.filamu,,,,piper,1
4525859,1759882747,ai.elimu.filamu,{'video_playback_position_ms': 37674},,,piper,1
4525860,1759882867,ai.elimu.filamu,,,,piper,1
4525861,1759882890,ai.elimu.filamu,{'video_playback_position_ms': 48824},,,piper,1
4525862,1759882923,ai.elimu.filamu,,,,piper,1
4525863,1759882965,ai.elimu.filamu,{'video_playback_position_ms': 17699},,,piper,1
4525864,1759882983,ai.elimu.filamu,,,,piper,1
4525865,1759883012,ai.elimu.filamu,{'video_playback_position_ms': 27464},,,piper,1
4525866,1759883083,ai.elimu.filamu,,,,piper,1
4525867,1759883102,ai.elimu.filamu,{'video_playback_position_ms': 29525},,,piper,1
4525868,1759883135,ai.elimu.filamu,,,,piper,1
4525869,1759883194,ai.elimu.filamu,{'video_playback_position_ms': 13498},,,piper,1
