id,timestamp,package_name,additional_data,research_experiment,experiment_group,letter_sound_letters,letter_sound_sounds,letter_sound_id
580,1743611710,ai.elimu.herufi.debug,,,,[],[],1
581,1743611722,ai.elimu.herufi.debug,,,,[],[],2
582,1743613796,ai.elimu.herufi.debug,,,,[],[],3
583,1743613799,ai.elimu.herufi.debug,,,,[],[],4
584,1743613801,ai.elimu.herufi.debug,,,,[],[],5
585,1743613804,ai.elimu.herufi.debug,,,,[],[],6
586,1743613806,ai.elimu.herufi.debug,,,,[],[],7
587,1743613809,ai.elimu.herufi.debug,,,,[],[],8
588,1743613811,ai.elimu.herufi.debug,,,,[],[],9
589,1743613813,ai.elimu.herufi.debug,,,,[],[],10
590,1743614862,ai.elimu.herufi.debug,,,,[],[],11
591,1743672808,ai.elimu.herufi.debug,,,,[],[],12
592,1743672811,ai.elimu.herufi.debug,,,,[],[],13
593,1743672814,ai.elimu.herufi.debug,,,,[],[],14
594,1743672815,ai.elimu.herufi.debug,,,,[],[],15
595,1743672816,ai.elimu.herufi.debug,,,,[],[],16
596,1743672818,ai.elimu.herufi.debug,,,,[],[],17
597,1743672819,ai.elimu.herufi.debug,,,,[],[],18
598,1743672820,ai.elimu.herufi.debug,,,,[],[],19
599,1743672821,ai.elimu.herufi.debug,,,,[],[],20
600,1743672823,ai.elimu.herufi.debug,,,,[],[],21
601,1743672825,ai.elimu.herufi.debug,,,,[],[],22
602,1743698614,ai.elimu.herufi.debug,,,,[],[],23
603,1743698615,ai.elimu.herufi.debug,,,,[],[],24
604,1743698616,ai.elimu.herufi.debug,,,,[],[],25
605,1743698617,ai.elimu.herufi.debug,,,,[],[],26
606,1743698619,ai.elimu.herufi.debug,,,,[],[],27
607,1743698621,ai.elimu.herufi.debug,,,,[],[],28
608,1743699130,ai.elimu.herufi.debug,,,,[],[],29
609,1743699132,ai.elimu.herufi.debug,,,,[],[],30
610,1743699134,ai.elimu.herufi.debug,,,,[],[],31
611,1743699138,ai.elimu.herufi.debug,,,,[],[],32
612,1743699145,ai.elimu.herufi.debug,,,,[],[],33
613,1743699148,ai.elimu.herufi.debug,,,,[],[],34
614,1743699151,ai.elimu.herufi.debug,,,,[],[],35
615,1743699155,ai.elimu.herufi.debug,,,,[],[],36
616,1743699157,ai.elimu.herufi.debug,,,,[],[],37
617,1743699159,ai.elimu.herufi.debug,,,,[],[],38
618,1743699161,ai.elimu.herufi.debug,,,,[],[],39
619,1743699163,ai.elimu.herufi.debug,,,,[],[],40
620,1743699165,ai.elimu.herufi.debug,,,,[],[],41
621,1743699167,ai.elimu.herufi.debug,,,,[],[],42
622,1743699170,ai.elimu.herufi.debug,,,,[],[],43
623,1743699179,ai.elimu.herufi.debug,,,,[],[],44
624,1743699181,ai.elimu.herufi.debug,,,,[],[],45
625,1743699183,ai.elimu.herufi.debug,,,,[],[],46
626,1743699186,ai.elimu.herufi.debug,,,,[],[],47
627,1743699188,ai.elimu.herufi.debug,,,,[],[],48
628,1743699192,ai.elimu.herufi.debug,,,,[],[],49
629,1743699200,ai.elimu.herufi.debug,,,,[],[],50
630,1743700704,ai.elimu.herufi.debug,,,,[],[],51
631,1743700705,ai.elimu.herufi.debug,,,,[],[],52
632,1743732440,ai.elimu.herufi.debug,,,,[],[],53
633,1743732441,ai.elimu.herufi.debug,,,,[],[],54
634,1743732443,ai.elimu.herufi.debug,,,,[],[],55
635,1743732444,ai.elimu.herufi.debug,,,,[],[],56
636,1743732446,ai.elimu.herufi.debug,,,,[],[],57
637,1743732447,ai.elimu.herufi.debug,,,,[],[],58
638,1743732448,ai.elimu.herufi.debug,,,,[],[],59
639,1743732450,ai.elimu.herufi.debug,,,,[],[],60
640,1743732451,ai.elimu.herufi.debug,,,,[],[],61
641,1743732452,ai.elimu.herufi.debug,,,,[],[],62
642,1743732454,ai.elimu.herufi.debug,,,,[],[],63
643,1743732455,ai.elimu.herufi.debug,,,,[],[],64
644,1743732457,ai.elimu.herufi.debug,,,,[],[],65
645,1743732459,ai.elimu.herufi.debug,,,,[],[],66
646,1743732460,ai.elimu.herufi.debug,,,,[],[],67
647,1743732461,ai.elimu.herufi.debug,,,,[],[],68
648,1743732463,ai.elimu.herufi.debug,,,,[],[],69
649,1743732465,ai.elimu.herufi.debug,,,,[],[],70
650,1743732466,ai.elimu.herufi.debug,,,,[],[],71
651,1743732468,ai.elimu.herufi.debug,,,,[],[],72
652,1743732469,ai.elimu.herufi.debug,,,,[],[],73
653,1743732471,ai.elimu.herufi.debug,,,,[],[],74
654,1743732472,ai.elimu.herufi.debug,,,,[],[],75
655,1743732474,ai.elimu.herufi.debug,,,,[],[],76
656,1743732476,ai.elimu.herufi.debug,,,,[],[],77
657,1743732477,ai.elimu.herufi.debug,,,,[],[],79
658,1743732478,ai.elimu.herufi.debug,,,,[],[],80
659,1743732480,ai.elimu.herufi.debug,,,,[],[],81
660,1743732481,ai.elimu.herufi.debug,,,,[],[],82
661,1743732483,ai.elimu.herufi.debug,,,,[],[],83
662,1743732484,ai.elimu.herufi.debug,,,,[],[],84
663,1743732485,ai.elimu.herufi.debug,,,,[],[],85
664,1743732487,ai.elimu.herufi.debug,,,,[],[],86
665,1743732489,ai.elimu.herufi.debug,,,,[],[],87
666,1743732491,ai.elimu.herufi.debug,,,,[],[],88
667,1743732492,ai.elimu.herufi.debug,,,,[],[],89
668,1743732494,ai.elimu.herufi.debug,,,,[],[],90
669,1743732497,ai.elimu.herufi.debug,,,,[],[],91
670,1743732499,ai.elimu.herufi.debug,,,,[],[],92
671,1743732501,ai.elimu.herufi.debug,,,,[],[],93
672,1743732502,ai.elimu.herufi.debug,,,,[],[],94
673,1743732504,ai.elimu.herufi.debug,,,,[],[],95
674,1743732508,ai.elimu.herufi.debug,,,,[],[],96
675,1743732509,ai.elimu.herufi.debug,,,,[],[],97
676,1743732513,ai.elimu.herufi.debug,,,,[],[],98
677,1743732519,ai.elimu.herufi.debug,,,,[],[],99
678,1743732521,ai.elimu.herufi.debug,,,,[],[],100
679,1743732523,ai.elimu.herufi.debug,,,,[],[],101
680,1743732525,ai.elimu.herufi.debug,,,,[],[],102
681,1743732528,ai.elimu.herufi.debug,,,,[],[],103
682,1743732534,ai.elimu.herufi.debug,,,,[],[],104
683,1743732537,ai.elimu.herufi.debug,,,,[],[],105
684,1743732539,ai.elimu.herufi.debug,,,,[],[],106
685,1743732540,ai.elimu.herufi.debug,,,,[],[],107
686,1743732542,ai.elimu.herufi.debug,,,,[],[],108
687,1743732544,ai.elimu.herufi.debug,,,,[],[],109
688,1743732547,ai.elimu.herufi.debug,,,,[],[],110
689,1743732550,ai.elimu.herufi.debug,,,,[],[],111
690,1743732553,ai.elimu.herufi.debug,,,,[],[],112
691,1743732557,ai.elimu.herufi.debug,,,,[],[],113
692,1743732561,ai.elimu.herufi.debug,,,,[],[],114
693,1743732563,ai.elimu.herufi.debug,,,,[],[],115
694,1743732565,ai.elimu.herufi.debug,,,,[],[],116
695,1743732567,ai.elimu.herufi.debug,,,,[],[],117
696,1744180412,ai.elimu.herufi.debug,,,,[],[],118
697,1744180557,ai.elimu.herufi.debug,,,,[],[],119
698,1744180561,ai.elimu.herufi.debug,,,,[],[],120
699,1744180562,ai.elimu.herufi.debug,,,,[],[],121
700,1744180565,ai.elimu.herufi.debug,,,,[],[],122
701,1744180573,ai.elimu.herufi.debug,,,,[],[],123
702,1744180574,ai.elimu.herufi.debug,,,,[],[],124
703,1744180575,ai.elimu.herufi.debug,,,,[],[],125
704,1744180576,ai.elimu.herufi.debug,,,,[],[],126
705,1744180577,ai.elimu.herufi.debug,,,,[],[],127
706,1744180581,ai.elimu.herufi.debug,,,,[],[],128
707,1744182406,ai.elimu.herufi.debug,,,,[],[],129
708,1744182408,ai.elimu.herufi.debug,,,,[],[],130
709,1744182409,ai.elimu.herufi.debug,,,,[],[],131
710,1744182411,ai.elimu.herufi.debug,,,,[],[],132
711,1744182412,ai.elimu.herufi.debug,,,,[],[],133
712,1744182413,ai.elimu.herufi.debug,,,,[],[],134
713,1744182415,ai.elimu.herufi.debug,,,,[],[],135
714,1744182417,ai.elimu.herufi.debug,,,,[],[],136
715,1744182447,ai.elimu.herufi.debug,,,,[],[],137
716,1744182450,ai.elimu.herufi.debug,,,,[],[],138
717,1744182451,ai.elimu.herufi.debug,,,,[],[],139
718,1744630777,ai.elimu.herufi.debug,,,,[],[],140
719,1744630780,ai.elimu.herufi.debug,,,,[],[],141
720,1744630781,ai.elimu.herufi.debug,,,,[],[],142
721,1744630899,ai.elimu.herufi.debug,,,,[],[],143
722,1745046226,ai.elimu.herufi.debug,,,,[],[],144
723,1745046228,ai.elimu.herufi.debug,,,,[],[],145
724,1745046229,ai.elimu.herufi.debug,,,,[],[],146
725,1745046231,ai.elimu.herufi.debug,,,,[],[],147
726,1745046233,ai.elimu.herufi.debug,,,,[],[],148
727,1745046235,ai.elimu.herufi.debug,,,,[],[],149
728,1745046237,ai.elimu.herufi.debug,,,,[],[],150
729,1745046238,ai.elimu.herufi.debug,,,,[],[],151
730,1745046240,ai.elimu.herufi.debug,,,,[],[],152
731,1745046242,ai.elimu.herufi.debug,,,,[],[],153
732,1745046245,ai.elimu.herufi.debug,,,,[],[],154
733,1745046247,ai.elimu.herufi.debug,,,,[],[],155
734,1745046249,ai.elimu.herufi.debug,,,,[],[],156
735,1745046251,ai.elimu.herufi.debug,,,,[],[],157
736,1745046259,ai.elimu.herufi.debug,,,,[],[],158
737,1745046260,ai.elimu.herufi.debug,,,,[],[],159
738,1745046262,ai.elimu.herufi.debug,,,,[],[],160
739,1745046264,ai.elimu.herufi.debug,,,,[],[],161
740,1745046267,ai.elimu.herufi.debug,,,,[],[],162
741,1745046269,ai.elimu.herufi.debug,,,,[],[],163
742,1745046271,ai.elimu.herufi.debug,,,,[],[],164
743,1745046273,ai.elimu.herufi.debug,,,,[],[],165
744,1745046275,ai.elimu.herufi.debug,,,,[],[],166
745,1745046277,ai.elimu.herufi.debug,,,,[],[],167
746,1745046280,ai.elimu.herufi.debug,,,,[],[],168
747,1745046282,ai.elimu.herufi.debug,,,,[],[],169
748,1745046283,ai.elimu.herufi.debug,,,,[],[],170
749,1745046286,ai.elimu.herufi.debug,,,,[],[],171
750,1745046288,ai.elimu.herufi.debug,,,,[],[],172
751,1745046291,ai.elimu.herufi.debug,,,,[],[],173
752,1745046297,ai.elimu.herufi.debug,,,,[],[],174
753,1745046300,ai.elimu.herufi.debug,,,,[],[],175
754,1745046302,ai.elimu.herufi.debug,,,,[],[],176
755,1745046306,ai.elimu.herufi.debug,,,,[],[],177
756,1745046308,ai.elimu.herufi.debug,,,,[],[],178
757,1745046309,ai.elimu.herufi.debug,,,,[],[],179
758,1745046311,ai.elimu.herufi.debug,,,,[],[],180
759,1745046312,ai.elimu.herufi.debug,,,,[],[],181
760,1745046314,ai.elimu.herufi.debug,,,,[],[],182
761,1745046316,ai.elimu.herufi.debug,,,,[],[],183
762,1745046318,ai.elimu.herufi.debug,,,,[],[],184
763,1745046319,ai.elimu.herufi.debug,,,,[],[],185
764,1745046320,ai.elimu.herufi.debug,,,,[],[],186
765,1745046322,ai.elimu.herufi.debug,,,,[],[],187
766,1745046323,ai.elimu.herufi.debug,,,,[],[],188
767,1745046325,ai.elimu.herufi.debug,,,,[],[],189
768,1745046326,ai.elimu.herufi.debug,,,,[],[],190
769,1745046327,ai.elimu.herufi.debug,,,,[],[],191
770,1745046329,ai.elimu.herufi.debug,,,,[],[],192
771,1745046330,ai.elimu.herufi.debug,,,,[],[],193
772,1745046343,ai.elimu.herufi.debug,,,,[],[],195
773,1745046355,ai.elimu.herufi.debug,,,,[],[],196
774,1745046358,ai.elimu.herufi.debug,,,,[],[],197
775,1745046366,ai.elimu.herufi.debug,,,,[],[],198
776,1745046369,ai.elimu.herufi.debug,,,,[],[],199
777,1745398504,ai.elimu.herufi.debug,,,,[],[],200
778,1745398506,ai.elimu.herufi.debug,,,,[],[],201
779,1745398508,ai.elimu.herufi.debug,,,,[],[],202
780,1745398510,ai.elimu.herufi.debug,,,,[],[],203
781,1745398512,ai.elimu.herufi.debug,,,,[],[],204
782,1745398514,ai.elimu.herufi.debug,,,,[],[],205
783,1745398518,ai.elimu.herufi.debug,,,,[],[],206
784,1745398531,ai.elimu.herufi.debug,,,,[],[],207
785,1745398533,ai.elimu.herufi.debug,,,,[],[],208
786,1745398535,ai.elimu.herufi.debug,,,,[],[],209
787,1745398539,ai.elimu.herufi.debug,,,,[],[],210
788,1745398543,ai.elimu.herufi.debug,,,,[],[],211
789,1745398545,ai.elimu.herufi.debug,,,,[],[],212
790,1745398547,ai.elimu.herufi.debug,,,,[],[],213
791,1745398549,ai.elimu.herufi.debug,,,,[],[],214
792,1745398551,ai.elimu.herufi.debug,,,,[],[],215
793,1745398553,ai.elimu.herufi.debug,,,,[],[],216
794,1745398556,ai.elimu.herufi.debug,,,,[],[],217
795,1745398559,ai.elimu.herufi.debug,,,,[],[],218
796,1745398561,ai.elimu.herufi.debug,,,,[],[],219
797,1745398564,ai.elimu.herufi.debug,,,,[],[],220
798,1745398566,ai.elimu.herufi.debug,,,,[],[],221
799,1745398568,ai.elimu.herufi.debug,,,,[],[],222
800,1745398570,ai.elimu.herufi.debug,,,,[],[],223
801,1745398573,ai.elimu.herufi.debug,,,,[],[],224
802,1745398575,ai.elimu.herufi.debug,,,,[],[],225
803,1745398578,ai.elimu.herufi.debug,,,,[],[],226
804,1745398581,ai.elimu.herufi.debug,,,,[],[],227
805,1745398584,ai.elimu.herufi.debug,,,,[],[],228
806,1745398587,ai.elimu.herufi.debug,,,,[],[],229
807,1745398589,ai.elimu.herufi.debug,,,,[],[],230
808,1745398593,ai.elimu.herufi.debug,,,,[],[],231
809,1745398594,ai.elimu.herufi.debug,,,,[],[],232
810,1745398597,ai.elimu.herufi.debug,,,,[],[],233
811,1745398600,ai.elimu.herufi.debug,,,,[],[],234
812,1745398602,ai.elimu.herufi.debug,,,,[],[],235
813,1745398604,ai.elimu.herufi.debug,,,,[],[],236
814,1745398606,ai.elimu.herufi.debug,,,,[],[],237
815,1745398609,ai.elimu.herufi.debug,,,,[],[],238
816,1745398612,ai.elimu.herufi.debug,,,,[],[],239
817,1745398615,ai.elimu.herufi.debug,,,,[],[],240
818,1745398618,ai.elimu.herufi.debug,,,,[],[],241
819,1745398622,ai.elimu.herufi.debug,,,,[],[],242
820,1745398624,ai.elimu.herufi.debug,,,,[],[],243
821,1745398629,ai.elimu.herufi.debug,,,,[],[],244
822,1745398631,ai.elimu.herufi.debug,,,,[],[],245
823,1745398633,ai.elimu.herufi.debug,,,,[],[],246
824,1745398636,ai.elimu.herufi.debug,,,,[],[],247
825,1745398640,ai.elimu.herufi.debug,,,,[],[],248
826,1745398642,ai.elimu.herufi.debug,,,,[],[],249
827,1745426095,ai.elimu.herufi.debug,,,,[],[],250
828,1745426105,ai.elimu.herufi.debug,,,,[],[],251
829,1745922851,ai.elimu.herufi.debug,,,,[],[],252
830,1745922852,ai.elimu.herufi.debug,,,,[],[],253
831,1746026514,ai.elimu.herufi.debug,,,,[],[],254
832,1746026516,ai.elimu.herufi.debug,,,,[],[],255
833,1746026518,ai.elimu.herufi.debug,,,,[],[],256
834,1746026522,ai.elimu.herufi.debug,,,,[],[],257
835,1746026524,ai.elimu.herufi.debug,,,,[],[],258
836,1746026535,ai.elimu.herufi.debug,,,,[],[],259
837,1746026544,ai.elimu.herufi.debug,,,,[],[],260
838,1746026549,ai.elimu.herufi.debug,,,,[],[],261
839,1746026563,ai.elimu.herufi.debug,,,,[],[],262
840,1746026565,ai.elimu.herufi.debug,,,,[],[],263
841,1746066397,ai.elimu.herufi.debug,,,,[],[],264
842,1746283706,ai.elimu.herufi.debug,,,,[],[],265
843,1746283710,ai.elimu.herufi.debug,,,,[],[],266
844,1746283713,ai.elimu.herufi.debug,,,,[],[],267
845,1746283718,ai.elimu.herufi.debug,,,,[],[],268
846,1746283727,ai.elimu.herufi.debug,,,,[],[],269
847,1746283730,ai.elimu.herufi.debug,,,,[],[],270
848,1746283733,ai.elimu.herufi.debug,,,,[],[],271
849,1746283736,ai.elimu.herufi.debug,,,,[],[],272
850,1746283740,ai.elimu.herufi.debug,,,,[],[],273
851,1746283744,ai.elimu.herufi.debug,,,,[],[],274
852,1746283748,ai.elimu.herufi.debug,,,,[],[],275
853,1746283754,ai.elimu.herufi.debug,,,,[],[],276
854,1746283759,ai.elimu.herufi.debug,,,,[],[],277
855,1746283763,ai.elimu.herufi.debug,,,,[],[],278
856,1746283766,ai.elimu.herufi.debug,,,,[],[],279
857,1746283770,ai.elimu.herufi.debug,,,,[],[],280
858,1746283773,ai.elimu.herufi.debug,,,,[],[],281
859,1746283777,ai.elimu.herufi.debug,,,,[],[],282
860,1746283780,ai.elimu.herufi.debug,,,,[],[],283
861,1746283784,ai.elimu.herufi.debug,,,,[],[],284
862,1746283792,ai.elimu.herufi.debug,,,,[],[],285
863,1746283802,ai.elimu.herufi.debug,,,,[],[],286
864,1746283807,ai.elimu.herufi.debug,,,,[],[],287
865,1746887737,ai.elimu.herufi.debug,,,,[],[],288
866,1746887741,ai.elimu.herufi.debug,,,,[],[],289
867,1746887743,ai.elimu.herufi.debug,,,,[],[],290
868,1746887745,ai.elimu.herufi.debug,,,,[],[],291
869,1746887748,ai.elimu.herufi.debug,,,,[],[],292
870,1746887750,ai.elimu.herufi.debug,,,,[],[],293
871,1746887753,ai.elimu.herufi.debug,,,,[],[],294
872,1746887756,ai.elimu.herufi.debug,,,,[],[],295
873,1746887758,ai.elimu.herufi.debug,,,,[],[],296
874,1746887760,ai.elimu.herufi.debug,,,,[],[],297
875,1746887764,ai.elimu.herufi.debug,,,,[],[],298
876,1746887767,ai.elimu.herufi.debug,,,,[],[],299
877,1746952025,ai.elimu.herufi.debug,,,,[],[],300
878,1746952028,ai.elimu.herufi.debug,,,,[],[],301
879,1746952031,ai.elimu.herufi.debug,,,,[],[],302
880,1746952034,ai.elimu.herufi.debug,,,,[],[],303
881,1746952037,ai.elimu.herufi.debug,,,,[],[],304
882,1746952039,ai.elimu.herufi.debug,,,,[],[],305
883,1748949209,ai.elimu.herufi.debug,,,,[],[],306
884,1748949216,ai.elimu.herufi.debug,,,,[],[],307
885,1748949218,ai.elimu.herufi.debug,,,,[],[],308
886,1748949222,ai.elimu.herufi.debug,,,,[],[],309
887,1748949224,ai.elimu.herufi.debug,,,,[],[],310
888,1748949226,ai.elimu.herufi.debug,,,,[],[],311
889,1748949228,ai.elimu.herufi.debug,,,,[],[],312
890,1748949229,ai.elimu.herufi.debug,,,,[],[],313
891,1748949230,ai.elimu.herufi.debug,,,,[],[],314
892,1748949232,ai.elimu.herufi.debug,,,,[],[],315
893,1748949233,ai.elimu.herufi.debug,,,,[],[],316
894,1748949235,ai.elimu.herufi.debug,,,,[],[],317
895,1748949236,ai.elimu.herufi.debug,,,,[],[],318
896,1748949238,ai.elimu.herufi.debug,,,,[],[],319
897,1748949240,ai.elimu.herufi.debug,,,,[],[],320
898,1748964375,ai.elimu.herufi.debug,,,,[],[],321
899,1748964378,ai.elimu.herufi.debug,,,,[],[],322
900,1748964381,ai.elimu.herufi.debug,,,,[],[],323
901,1748964385,ai.elimu.herufi.debug,,,,[],[],324
902,1748964387,ai.elimu.herufi.debug,,,,[],[],325
903,1748964389,ai.elimu.herufi.debug,,,,[],[],326
904,1748964392,ai.elimu.herufi.debug,,,,[],[],327
905,1748964396,ai.elimu.herufi.debug,,,,[],[],328
906,1748964399,ai.elimu.herufi.debug,,,,[],[],329
907,1748964401,ai.elimu.herufi.debug,,,,[],[],330
908,1748964405,ai.elimu.herufi.debug,,,,[],[],331
909,1748964407,ai.elimu.herufi.debug,,,,[],[],332
910,1748964408,ai.elimu.herufi.debug,,,,[],[],333
911,1748965629,ai.elimu.herufi.debug,,,,[],[],334
912,1748965732,ai.elimu.herufi.debug,,,,[],[],335
913,1748965736,ai.elimu.herufi.debug,,,,[],[],336
914,1749102259,ai.elimu.herufi.debug,,,,[],[],337
915,1749102263,ai.elimu.herufi.debug,,,,[],[],338
916,1749102265,ai.elimu.herufi.debug,,,,[],[],339
917,1749102272,ai.elimu.herufi.debug,,,,[],[],340
918,1749102276,ai.elimu.herufi.debug,,,,[],[],341
919,1749102288,ai.elimu.herufi.debug,,,,[],[],342
920,1749102290,ai.elimu.herufi.debug,,,,[],[],343
921,1749102293,ai.elimu.herufi.debug,,,,[],[],344
922,1749102297,ai.elimu.herufi.debug,,,,[],[],345
923,1749102305,ai.elimu.herufi.debug,,,,[],[],346
924,1749149787,ai.elimu.herufi.debug,,,,[],[],347
925,1749149789,ai.elimu.herufi.debug,,,,[],[],348
926,1749149791,ai.elimu.herufi.debug,,,,[],[],349
927,1749149794,ai.elimu.herufi.debug,,,,[],[],350
928,1749149798,ai.elimu.herufi.debug,,,,[],[],351
929,1749149803,ai.elimu.herufi.debug,,,,[],[],352
930,1749149810,ai.elimu.herufi.debug,,,,[],[],353
931,1749149813,ai.elimu.herufi.debug,,,,[],[],354
932,1749149816,ai.elimu.herufi.debug,,,,[],[],355
933,1749149818,ai.elimu.herufi.debug,,,,[],[],356
934,1749149822,ai.elimu.herufi.debug,,,,[],[],357
935,1749149829,ai.elimu.herufi.debug,,,,[],[],358
936,1749149831,ai.elimu.herufi.debug,,,,[],[],359
937,1749149835,ai.elimu.herufi.debug,,,,[],[],360
938,1749149838,ai.elimu.herufi.debug,,,,[],[],361
939,1749149842,ai.elimu.herufi.debug,,,,[],[],362
940,1749149853,ai.elimu.herufi.debug,,,,[],[],363
941,1749149856,ai.elimu.herufi.debug,,,,[],[],364
942,1749149861,ai.elimu.herufi.debug,,,,[],[],365
943,1749149866,ai.elimu.herufi.debug,,,,[],[],366
944,1749149871,ai.elimu.herufi.debug,,,,[],[],367
945,1749149874,ai.elimu.herufi.debug,,,,[],[],368
946,1749173583,ai.elimu.herufi.debug,,,,[],[],369
947,1749173585,ai.elimu.herufi.debug,,,,[],[],370
948,1749173587,ai.elimu.herufi.debug,,,,[],[],371
949,1749173590,ai.elimu.herufi.debug,,,,[],[],372
950,1749173591,ai.elimu.herufi.debug,,,,[],[],373
951,1749173593,ai.elimu.herufi.debug,,,,[],[],374
952,1749173595,ai.elimu.herufi.debug,,,,[],[],375
953,1749173599,ai.elimu.herufi.debug,,,,[],[],376
954,1749173601,ai.elimu.herufi.debug,,,,[],[],377
955,1749173603,ai.elimu.herufi.debug,,,,[],[],378
956,1749173606,ai.elimu.herufi.debug,,,,[],[],379
957,1749173609,ai.elimu.herufi.debug,,,,[],[],380
958,1749173611,ai.elimu.herufi.debug,,,,[],[],381
959,1749173616,ai.elimu.herufi.debug,,,,[],[],382
960,1749173618,ai.elimu.herufi.debug,,,,[],[],383
961,1749173628,ai.elimu.herufi.debug,,,,[],[],384
962,1749183687,ai.elimu.herufi.debug,,,,[],[],385
963,1749183690,ai.elimu.herufi.debug,,,,[],[],386
964,1749183692,ai.elimu.herufi.debug,,,,[],[],387
965,1749192750,ai.elimu.herufi.debug,,,,[],[],388
966,1749192753,ai.elimu.herufi.debug,,,,[],[],389
967,1749192754,ai.elimu.herufi.debug,,,,[],[],390
968,1749192757,ai.elimu.herufi.debug,,,,[],[],391
969,1749192761,ai.elimu.herufi.debug,,,,[],[],392
970,1749192765,ai.elimu.herufi.debug,,,,[],[],393
971,1749192768,ai.elimu.herufi.debug,,,,[],[],394
972,1749192772,ai.elimu.herufi.debug,,,,[],[],395
973,1749192775,ai.elimu.herufi.debug,,,,[],[],396
974,1749192780,ai.elimu.herufi.debug,,,,[],[],397
975,1749192782,ai.elimu.herufi.debug,,,,[],[],398
976,1749192788,ai.elimu.herufi.debug,,,,[],[],399
977,1749192790,ai.elimu.herufi.debug,,,,[],[],400
978,1749192794,ai.elimu.herufi.debug,,,,[],[],401
979,1749192802,ai.elimu.herufi.debug,,,,[],[],402
980,1749192805,ai.elimu.herufi.debug,,,,[],[],403
981,1749192808,ai.elimu.herufi.debug,,,,[],[],404
982,1749192811,ai.elimu.herufi.debug,,,,[],[],405
983,1749192814,ai.elimu.herufi.debug,,,,[],[],406
984,1749192817,ai.elimu.herufi.debug,,,,[],[],407
985,1749192822,ai.elimu.herufi.debug,,,,[],[],408
986,1749192824,ai.elimu.herufi.debug,,,,[],[],409
987,1749192830,ai.elimu.herufi.debug,,,,[],[],410
988,1749192833,ai.elimu.herufi.debug,,,,[],[],411
989,1749192841,ai.elimu.herufi.debug,,,,[],[],412
990,1749192845,ai.elimu.herufi.debug,,,,[],[],413
991,1749192847,ai.elimu.herufi.debug,,,,[],[],414
992,1749192849,ai.elimu.herufi.debug,,,,[],[],415
993,1749192853,ai.elimu.herufi.debug,,,,[],[],416
994,1749192856,ai.elimu.herufi.debug,,,,[],[],417
995,1749192861,ai.elimu.herufi.debug,,,,[],[],418
996,1749192868,ai.elimu.herufi.debug,,,,[],[],419
997,1749192870,ai.elimu.herufi.debug,,,,[],[],420
998,1749192875,ai.elimu.herufi.debug,,,,[],[],421
999,1749192877,ai.elimu.herufi.debug,,,,[],[],422
1000,1749192879,ai.elimu.herufi.debug,,,,[],[],423
1001,1749192882,ai.elimu.herufi.debug,,,,[],[],424
1002,1749192884,ai.elimu.herufi.debug,,,,[],[],425
1003,1749192886,ai.elimu.herufi.debug,,,,[],[],426
1004,1749192890,ai.elimu.herufi.debug,,,,[],[],427
1005,1749192892,ai.elimu.herufi.debug,,,,[],[],428
1006,1749192896,ai.elimu.herufi.debug,,,,[],[],429
1007,1749192898,ai.elimu.herufi.debug,,,,[],[],430
1008,1749192900,ai.elimu.herufi.debug,,,,[],[],431
1009,1749192903,ai.elimu.herufi.debug,,,,[],[],432
1010,1749192905,ai.elimu.herufi.debug,,,,[],[],433
1011,1749192907,ai.elimu.herufi.debug,,,,[],[],434
1012,1749286550,ai.elimu.herufi.debug,,,,[],[],435
1013,1749286553,ai.elimu.herufi.debug,,,,[],[],436
1014,1749286555,ai.elimu.herufi.debug,,,,[],[],437
1015,1749286556,ai.elimu.herufi.debug,,,,[],[],438
1016,1749286558,ai.elimu.herufi.debug,,,,[],[],439
1017,1749286564,ai.elimu.herufi.debug,,,,[],[],440
1018,1749286567,ai.elimu.herufi.debug,,,,[],[],441
1019,1749286570,ai.elimu.herufi.debug,,,,[],[],442
1020,1749286571,ai.elimu.herufi.debug,,,,[],[],443
1021,1749286573,ai.elimu.herufi.debug,,,,[],[],444
1022,1749286574,ai.elimu.herufi.debug,,,,[],[],445
1023,1749286576,ai.elimu.herufi.debug,,,,[],[],446
1024,1749286577,ai.elimu.herufi.debug,,,,[],[],447
1025,1749286578,ai.elimu.herufi.debug,,,,[],[],448
1026,1749286579,ai.elimu.herufi.debug,,,,[],[],449
1027,1749286585,ai.elimu.herufi.debug,,,,[],[],450
1028,1749286590,ai.elimu.herufi.debug,,,,[],[],451
1029,1749370507,ai.elimu.herufi.debug,,,,[],[],452
1030,1749565665,ai.elimu.herufi.debug,,,,[],[],1
1031,1749579065,ai.elimu.herufi.debug,,,,[],[],2
1159,1749737633,ai.elimu.herufi.debug,,,,[],[],3
1160,1749737636,ai.elimu.herufi.debug,,,,[],[],4
1161,1749737638,ai.elimu.herufi.debug,,,,[],[],5
1162,1749737641,ai.elimu.herufi.debug,,,,[],[],6
1163,1749737644,ai.elimu.herufi.debug,,,,[],[],7
1164,1749737647,ai.elimu.herufi.debug,,,,[],[],8
1165,1749737651,ai.elimu.herufi.debug,,,,[],[],9
1166,1749737653,ai.elimu.herufi.debug,,,,[],[],10
1167,1749737656,ai.elimu.herufi.debug,,,,[],[],11
1168,1749737658,ai.elimu.herufi.debug,,,,[],[],12
1169,1749737667,ai.elimu.herufi.debug,,,,[],[],13
1170,1749737670,ai.elimu.herufi.debug,,,,[],[],14
1171,1749737672,ai.elimu.herufi.debug,,,,[],[],15
1172,1749737675,ai.elimu.herufi.debug,,,,[],[],16
1173,1749737677,ai.elimu.herufi.debug,,,,[],[],17
1174,1749737682,ai.elimu.herufi.debug,,,,[],[],18
1175,1749737685,ai.elimu.herufi.debug,,,,[],[],19
1176,1749737690,ai.elimu.herufi.debug,,,,[],[],20
1177,1749737692,ai.elimu.herufi.debug,,,,[],[],21
1178,1749737694,ai.elimu.herufi.debug,,,,[],[],22
1179,1749737698,ai.elimu.herufi.debug,,,,[],[],23
1180,1749737708,ai.elimu.herufi.debug,,,,[],[],24
1181,1749737710,ai.elimu.herufi.debug,,,,[],[],25
1182,1749737714,ai.elimu.herufi.debug,,,,[],[],26
1183,1749737716,ai.elimu.herufi.debug,,,,[],[],27
1184,1749737719,ai.elimu.herufi.debug,,,,[],[],28
1185,1749737723,ai.elimu.herufi.debug,,,,[],[],29
1186,1749737724,ai.elimu.herufi.debug,,,,[],[],30
1187,1749737729,ai.elimu.herufi.debug,,,,[],[],31
1188,1749737731,ai.elimu.herufi.debug,,,,[],[],32
1189,1749737734,ai.elimu.herufi.debug,,,,[],[],33
1190,1749737736,ai.elimu.herufi.debug,,,,[],[],34
1191,1749737739,ai.elimu.herufi.debug,,,,[],[],35
1192,1749787152,ai.elimu.herufi.debug,,,,[],[],36
1193,1749787164,ai.elimu.herufi.debug,,,,[],[],37
1194,1749787166,ai.elimu.herufi.debug,,,,[],[],38
1195,1749787169,ai.elimu.herufi.debug,,,,[],[],39
1196,1749787174,ai.elimu.herufi.debug,,,,[],[],40
1197,1749787178,ai.elimu.herufi.debug,,,,[],[],41
1198,1749787182,ai.elimu.herufi.debug,,,,[],[],42
1199,1749787184,ai.elimu.herufi.debug,,,,[],[],43
1200,1749787194,ai.elimu.herufi.debug,,,,[],[],44
1201,1749787196,ai.elimu.herufi.debug,,,,[],[],45
1202,1749787202,ai.elimu.herufi.debug,,,,[],[],46
1203,1749787204,ai.elimu.herufi.debug,,,,[],[],48
1204,1749787208,ai.elimu.herufi.debug,,,,[],[],50
1205,1749787212,ai.elimu.herufi.debug,,,,[],[],51
1206,1749787218,ai.elimu.herufi.debug,,,,[],[],52
1207,1749787222,ai.elimu.herufi.debug,,,,[],[],53
1208,1749787231,ai.elimu.herufi.debug,,,,[],[],54
1209,1749787235,ai.elimu.herufi.debug,,,,[],[],55
1210,1749787239,ai.elimu.herufi.debug,,,,[],[],56
1211,1749787250,ai.elimu.herufi.debug,,,,[],[],57
1212,1749787256,ai.elimu.herufi.debug,,,,[],[],58
1213,1749787259,ai.elimu.herufi.debug,,,,[],[],59
1214,1749787263,ai.elimu.herufi.debug,,,,[],[],60
1215,1749788114,ai.elimu.herufi.debug,,,,[],[],61
1216,1749788282,ai.elimu.herufi.debug,,,,[],[],62
1217,1749801315,ai.elimu.herufi.debug,,,,[],[],63
1218,1749870615,ai.elimu.herufi.debug,,,,[],[],64
1219,1749870616,ai.elimu.herufi.debug,,,,[],[],65
1220,1749870618,ai.elimu.herufi.debug,,,,[],[],66
1221,1749870621,ai.elimu.herufi.debug,,,,[],[],67
1222,1749870623,ai.elimu.herufi.debug,,,,[],[],68
1223,1749870625,ai.elimu.herufi.debug,,,,[],[],69
1224,1749870627,ai.elimu.herufi.debug,,,,[],[],70
1225,1749870629,ai.elimu.herufi.debug,,,,[],[],71
1226,1749870631,ai.elimu.herufi.debug,,,,[],[],72
1227,1749870633,ai.elimu.herufi.debug,,,,[],[],73
1228,1749870635,ai.elimu.herufi.debug,,,,[],[],74
1229,1749870637,ai.elimu.herufi.debug,,,,[],[],75
1230,1749870640,ai.elimu.herufi.debug,,,,[],[],76
1231,1749870643,ai.elimu.herufi.debug,,,,[],[],77
1232,1749870645,ai.elimu.herufi.debug,,,,[],[],78
1233,1749870650,ai.elimu.herufi.debug,,,,[],[],79
1234,1749870653,ai.elimu.herufi.debug,,,,[],[],80
1235,1749870656,ai.elimu.herufi.debug,,,,[],[],81
1236,1749870659,ai.elimu.herufi.debug,,,,[],[],82
1237,1749870668,ai.elimu.herufi.debug,,,,[],[],83
1238,1749870688,ai.elimu.herufi.debug,,,,[],[],84
1239,1749870693,ai.elimu.herufi.debug,,,,[],[],85
1240,1749870700,ai.elimu.herufi.debug,,,,[],[],86
1241,1749870705,ai.elimu.herufi.debug,,,,[],[],87
1242,1749921178,ai.elimu.herufi.debug,,,,[],[],88
1243,1750090375,ai.elimu.herufi.debug,,,,[],[],89
1244,1750090379,ai.elimu.herufi.debug,,,,[],[],90
1245,1750090383,ai.elimu.herufi.debug,,,,[],[],91
1246,1750090386,ai.elimu.herufi.debug,,,,[],[],92
1247,1750090393,ai.elimu.herufi.debug,,,,[],[],93
1248,1750090398,ai.elimu.herufi.debug,,,,[],[],94
1249,1750090404,ai.elimu.herufi.debug,,,,[],[],95
1250,1750090409,ai.elimu.herufi.debug,,,,[],[],96
1251,1750090416,ai.elimu.herufi.debug,,,,[],[],97
1252,1750090428,ai.elimu.herufi.debug,,,,[],[],98
1253,1750090432,ai.elimu.herufi.debug,,,,[],[],99
1254,1750090438,ai.elimu.herufi.debug,,,,[],[],100
1255,1750090443,ai.elimu.herufi.debug,,,,[],[],101
1256,1750090449,ai.elimu.herufi.debug,,,,[],[],102
1257,1750090457,ai.elimu.herufi.debug,,,,[],[],103
1258,1750090462,ai.elimu.herufi.debug,,,,[],[],104
1259,1750090466,ai.elimu.herufi.debug,,,,[],[],105
1260,1750090472,ai.elimu.herufi.debug,,,,[],[],106
1261,1750090476,ai.elimu.herufi.debug,,,,[],[],107
1262,1750090482,ai.elimu.herufi.debug,,,,[],[],108
1263,1750090487,ai.elimu.herufi.debug,,,,[],[],109
1264,1750090496,ai.elimu.herufi.debug,,,,[],[],110
1265,1750090502,ai.elimu.herufi.debug,,,,[],[],111
1266,1750090506,ai.elimu.herufi.debug,,,,[],[],112
1267,1750090508,ai.elimu.herufi.debug,,,,[],[],113
1268,1750090511,ai.elimu.herufi.debug,,,,[],[],114
1269,1750090521,ai.elimu.herufi.debug,,,,[],[],115
1270,1750090534,ai.elimu.herufi.debug,,,,[],[],116
1271,1750090541,ai.elimu.herufi.debug,,,,[],[],117
1272,1750090543,ai.elimu.herufi.debug,,,,[],[],118
1273,1750090546,ai.elimu.herufi.debug,,,,[],[],119
1274,1750090553,ai.elimu.herufi.debug,,,,[],[],120
1275,1750090560,ai.elimu.herufi.debug,,,,[],[],121
1276,1750090573,ai.elimu.herufi.debug,,,,[],[],122
1277,1750090583,ai.elimu.herufi.debug,,,,[],[],123
1278,1750090588,ai.elimu.herufi.debug,,,,[],[],124
1279,1750090593,ai.elimu.herufi.debug,,,,[],[],125
1280,1750090599,ai.elimu.herufi.debug,,,,[],[],126
1281,1750090605,ai.elimu.herufi.debug,,,,[],[],127
1282,1750090611,ai.elimu.herufi.debug,,,,[],[],128
1283,1750090616,ai.elimu.herufi.debug,,,,[],[],129
1284,1750090622,ai.elimu.herufi.debug,,,,[],[],130
1285,1750126115,ai.elimu.herufi.debug,,,,[],[],131
1286,1750126118,ai.elimu.herufi.debug,,,,[],[],132
1287,1750126130,ai.elimu.herufi.debug,,,,[],[],133
1288,1750126132,ai.elimu.herufi.debug,,,,[],[],134
1289,1750126138,ai.elimu.herufi.debug,,,,[],[],135
1290,1750126141,ai.elimu.herufi.debug,,,,[],[],136
1291,1750126144,ai.elimu.herufi.debug,,,,[],[],137
1292,1750126147,ai.elimu.herufi.debug,,,,[],[],138
1293,1750126149,ai.elimu.herufi.debug,,,,[],[],139
1294,1750126152,ai.elimu.herufi.debug,,,,[],[],140
1295,1750126154,ai.elimu.herufi.debug,,,,[],[],141
1296,1750126156,ai.elimu.herufi.debug,,,,[],[],142
1297,1750126513,ai.elimu.herufi.debug,,,,[],[],143
1298,1750127017,ai.elimu.herufi.debug,,,,[],[],144
1299,1750127020,ai.elimu.herufi.debug,,,,[],[],145
1300,1750127023,ai.elimu.herufi.debug,,,,[],[],146
1301,1750127026,ai.elimu.herufi.debug,,,,[],[],147
1302,1750127036,ai.elimu.herufi.debug,,,,[],[],148
1303,1750210474,ai.elimu.herufi.debug,,,,[],[],149
1304,1750226288,ai.elimu.herufi.debug,,,,[],[],150
1305,1750228294,ai.elimu.herufi.debug,,,,[],[],151
1306,1750241799,ai.elimu.herufi.debug,,,,[],[],152
1307,1750241803,ai.elimu.herufi.debug,,,,[],[],153
1308,1750422705,ai.elimu.herufi.debug,,0.0,1.0,[],[],1
1309,1750422706,ai.elimu.herufi.debug,,0.0,1.0,[],[],2
1310,1750429468,ai.elimu.herufi.debug,,0.0,1.0,[],[],3
1311,1750435294,ai.elimu.herufi.debug,,0.0,1.0,[],[],4
1312,1750435296,ai.elimu.herufi.debug,,0.0,1.0,[],[],5
1313,1750435298,ai.elimu.herufi.debug,,0.0,1.0,[],[],6
1314,1750673558,,,0.0,1.0,[],[],7
1315,1750678856,ai.elimu.herufi.debug,,0.0,1.0,[],[],8
1316,1750678857,ai.elimu.herufi.debug,,0.0,1.0,[],[],9
1317,1750678858,ai.elimu.herufi.debug,,0.0,1.0,[],[],10
1319,1751271909,ai.elimu.herufi.debug,,0.0,1.0,[],[],1
1320,1751618830,ai.elimu.herufi.debug,,0.0,1.0,[],[],2
1321,1751625624,ai.elimu.herufi.debug,,0.0,1.0,[],[],3
1322,1751789252,ai.elimu.herufi.debug,,0.0,1.0,[],[],4
1323,1751789260,ai.elimu.herufi.debug,,0.0,1.0,[],[],5
1324,1751789267,ai.elimu.herufi.debug,,0.0,1.0,[],[],6
1325,1751789274,ai.elimu.herufi.debug,,0.0,1.0,[],[],7
1326,1751789328,ai.elimu.herufi.debug,,0.0,1.0,[],[],8
1327,1751789341,ai.elimu.herufi.debug,,0.0,1.0,[],[],9
1328,1751789363,ai.elimu.herufi.debug,,0.0,1.0,[],[],10
1329,1751789392,ai.elimu.herufi.debug,,0.0,1.0,[],[],11
1330,1751801239,ai.elimu.herufi.debug,,0.0,1.0,[],[],12
1331,1752829925,ai.elimu.herufi.debug,,0.0,1.0,[],[],13
1332,1753356192,ai.elimu.herufi.debug,,0.0,1.0,[],[],14
1333,1753356195,ai.elimu.herufi.debug,,0.0,1.0,[],[],15
1334,1753356197,ai.elimu.herufi.debug,,0.0,1.0,[],[],16
1335,1753356201,ai.elimu.herufi.debug,,0.0,1.0,[],[],17
1336,1753356208,ai.elimu.herufi.debug,,0.0,1.0,[],[],18
1337,1753356216,ai.elimu.herufi.debug,,0.0,1.0,[],[],19
1338,1753356220,ai.elimu.herufi.debug,,0.0,1.0,[],[],20
1339,1753356223,ai.elimu.herufi.debug,,0.0,1.0,[],[],21
1340,1753356224,ai.elimu.herufi.debug,,0.0,1.0,[],[],22
1341,1753356226,ai.elimu.herufi.debug,,0.0,1.0,[],[],23
1342,1753356232,ai.elimu.herufi.debug,,0.0,1.0,[],[],24
1343,1753356236,ai.elimu.herufi.debug,,0.0,1.0,[],[],25
1344,1753356242,ai.elimu.herufi.debug,,0.0,1.0,[],[],26
1345,1753356246,ai.elimu.herufi.debug,,0.0,1.0,[],[],27
1346,1753356251,ai.elimu.herufi.debug,,0.0,1.0,[],[],28
1347,1753356255,ai.elimu.herufi.debug,,0.0,1.0,[],[],29
1348,1753356256,ai.elimu.herufi.debug,,0.0,1.0,[],[],30
1349,1753356261,ai.elimu.herufi.debug,,0.0,1.0,[],[],31
1350,1753356265,ai.elimu.herufi.debug,,0.0,1.0,[],[],32
1351,1753356268,ai.elimu.herufi.debug,,0.0,1.0,[],[],33
1352,1753356272,ai.elimu.herufi.debug,,0.0,1.0,[],[],34
1353,1753356278,ai.elimu.herufi.debug,,0.0,1.0,[],[],35
1354,1753356282,ai.elimu.herufi.debug,,0.0,1.0,[],[],36
1355,1753356284,ai.elimu.herufi.debug,,0.0,1.0,[],[],37
1356,1753356287,ai.elimu.herufi.debug,,0.0,1.0,[],[],38
1357,1753356292,ai.elimu.herufi.debug,,0.0,1.0,[],[],39
1358,1753356295,ai.elimu.herufi.debug,,0.0,1.0,[],[],40
1359,1753356297,ai.elimu.herufi.debug,,0.0,1.0,[],[],41
1360,1753356301,ai.elimu.herufi.debug,,0.0,1.0,[],[],42
1361,1753356304,ai.elimu.herufi.debug,,0.0,1.0,[],[],43
1362,1753693734,ai.elimu.herufi.debug,,0.0,1.0,[น],[n],7
1363,1753693740,ai.elimu.herufi.debug,,0.0,1.0,[ก],[k],3
1364,1753693756,ai.elimu.herufi.debug,,0.0,1.0,[◌ั],[a],34
1365,1753694783,ai.elimu.herufi.debug,,0.0,1.0,[น],[n],7
1366,1753694800,ai.elimu.herufi.debug,,0.0,1.0,[ก],[k],3
1367,1753694805,ai.elimu.herufi.debug,,0.0,1.0,[◌ั],[a],34
1368,1753694807,ai.elimu.herufi.debug,,0.0,1.0,[◌า],[aː],13
1369,1753694813,ai.elimu.herufi.debug,,0.0,1.0,[◌อ],[ɔː],31
1370,1753694819,ai.elimu.herufi.debug,,0.0,1.0,[ข],[kʰ],38
1371,1753694821,ai.elimu.herufi.debug,,0.0,1.0,[จ],[tɕ],24
1372,1753694825,ai.elimu.herufi.debug,,0.0,1.0,[ไ◌],"[a, j]",40
1373,1753694846,ai.elimu.herufi.debug,,0.0,1.0,[ฉ],[tɕʰ],44
1374,1753694865,ai.elimu.herufi.debug,,0.0,1.0,[เ◌า],"[a, w]",69
1375,1753694871,ai.elimu.herufi.debug,,0.0,1.0,[แ◌ะ],[ɛ],70
1376,1753694877,ai.elimu.herufi.debug,,0.0,1.0,[เ◌อ],[ɤː],72
1377,1753694881,ai.elimu.herufi.debug,,0.0,1.0,[น],"[n, o]",62
1378,1753694885,ai.elimu.herufi.debug,,0.0,1.0,[เ◌ย],"[ɤː, j]",79
1379,1753694893,ai.elimu.herufi.debug,,0.0,1.0,"[ห, ล]",[l],65
1380,1753694897,ai.elimu.herufi.debug,,0.0,1.0,"[ห, ล]",[l],65
1381,1753694918,ai.elimu.herufi.debug,,0.0,1.0,"[ห, ย]",[y],59
1382,1753694930,ai.elimu.herufi.debug,,0.0,1.0,"[ท, ร]",[s],42
1383,1753695261,ai.elimu.herufi.debug,,0.0,1.0,[น],[n],7
1384,1753703953,ai.elimu.herufi.debug,,0.0,1.0,[ง],[ŋ],4
1385,1753885534,ai.elimu.herufi.debug,,0.0,1.0,[น],[n],7
1386,1753885536,ai.elimu.herufi.debug,,0.0,1.0,[ก],[k],3
1387,1753885538,ai.elimu.herufi.debug,,0.0,1.0,[◌ั],[a],34
1388,1753945261,ai.elimu.herufi.debug,,0.0,1.0,[น],[n],7
1389,1754144342,ai.elimu.herufi.debug,,0.0,1.0,[น],[n],7
1390,1754318789,ai.elimu.herufi.debug,,0.0,1.0,[น],[n],7
1391,1754318791,ai.elimu.herufi.debug,,0.0,1.0,[ก],[k],3
1392,1754318793,ai.elimu.herufi.debug,,0.0,1.0,[◌ั],[a],34
1393,1754318795,ai.elimu.herufi.debug,,0.0,1.0,[◌า],[aː],13
1394,1754318796,ai.elimu.herufi.debug,,0.0,1.0,[ง],[ŋ],4
1395,1754318798,ai.elimu.herufi.debug,,0.0,1.0,[ม],[m],12
1396,1754318800,ai.elimu.herufi.debug,,0.0,1.0,[ล],[l],22
1397,1754318802,ai.elimu.herufi.debug,,0.0,1.0,[◌อ],[ɔː],31
1398,1754318803,ai.elimu.herufi.debug,,0.0,1.0,[◌อ],[ɔː],31
1399,1754318804,ai.elimu.herufi.debug,,0.0,1.0,[◌ะ],[a],61
1400,1754318807,ai.elimu.herufi.debug,,0.0,1.0,[ร],[r],27
1401,1754318809,ai.elimu.herufi.debug,,0.0,1.0,[ข],[kʰ],38
1402,1754318811,ai.elimu.herufi.debug,,0.0,1.0,[จ],[tɕ],24
1403,1754318813,ai.elimu.herufi.debug,,0.0,1.0,[ว],[w],18
1404,1754318815,ai.elimu.herufi.debug,,0.0,1.0,[ไ◌],"[a, j]",40
1405,1754318819,ai.elimu.herufi.debug,,0.0,1.0,[ด],[d],5
1406,1754318821,ai.elimu.herufi.debug,,0.0,1.0,[ป],[p],8
1407,1754318825,ai.elimu.herufi.debug,,0.0,1.0,[◌ี],[iː],16
1408,1754318829,ai.elimu.herufi.debug,,0.0,1.0,[ค],[kʰ],25
1409,1756011911,ai.elimu.herufi.debug,,0.0,1.0,[น],[n],7
1410,1756011912,ai.elimu.herufi.debug,,0.0,1.0,[◌า],[aː],13
1411,1756011916,ai.elimu.herufi.debug,,0.0,1.0,[ก],[k],3
1412,1756011920,ai.elimu.herufi.debug,,0.0,1.0,[◌ั],[a],34
1413,1756011922,ai.elimu.herufi.debug,,0.0,1.0,[ง],[ŋ],4
1414,1756011924,ai.elimu.herufi.debug,,0.0,1.0,[ม],[m],12
1415,1756011926,ai.elimu.herufi.debug,,0.0,1.0,[ล],[l],22
1416,1756011928,ai.elimu.herufi.debug,,0.0,1.0,[◌อ],[ɔː],31
1417,1756011931,ai.elimu.herufi.debug,,0.0,1.0,[จ],[tɕ],24
1418,1756011933,ai.elimu.herufi.debug,,0.0,1.0,[ร],[r],27
1419,1756011935,ai.elimu.herufi.debug,,0.0,1.0,[◌ะ],[a],61
1420,1756011938,ai.elimu.herufi.debug,,0.0,1.0,[◌ี],[iː],16
1421,1756011940,ai.elimu.herufi.debug,,0.0,1.0,[ไ◌],"[a, j]",40
1422,1756011942,ai.elimu.herufi.debug,,0.0,1.0,[ว],[w],18
1423,1756011944,ai.elimu.herufi.debug,,0.0,1.0,[ป],[p],8
1424,1756011946,ai.elimu.herufi.debug,,0.0,1.0,[ข],[kʰ],38
1425,1756011948,ai.elimu.herufi.debug,,0.0,1.0,[ค],[kʰ],25
1426,1756011951,ai.elimu.herufi.debug,,0.0,1.0,[ด],[d],5
1427,1756011953,ai.elimu.herufi.debug,,0.0,1.0,[◌ู],[uː],17
1428,1756011955,ai.elimu.herufi.debug,,0.0,1.0,[ส],[s],32
1429,1756011961,ai.elimu.herufi.debug,,0.0,1.0,[บ],[p],2
1430,1756011963,ai.elimu.herufi.debug,,0.0,1.0,[ต],[t],48
1431,1756011968,ai.elimu.herufi.debug,,0.0,1.0,[ฉ],[tɕʰ],44
1432,1756011974,ai.elimu.herufi.debug,,0.0,1.0,[แ◌ะ],[ɛ],70
1433,1756966124,ai.elimu.herufi.debug,,0.0,1.0,[น],[n],7
1434,1756966125,ai.elimu.herufi.debug,,0.0,1.0,[◌า],[aː],13
1435,1756966127,ai.elimu.herufi.debug,,0.0,1.0,[ก],[k],3
1436,1756966128,ai.elimu.herufi.debug,,0.0,1.0,[◌ั],[a],34
1437,1756966130,ai.elimu.herufi.debug,,0.0,1.0,[ง],[ŋ],4
1438,1756966132,ai.elimu.herufi.debug,,0.0,1.0,[ม],[m],12
1439,1756966133,ai.elimu.herufi.debug,,0.0,1.0,[ล],[l],22
1440,1756966135,ai.elimu.herufi.debug,,0.0,1.0,[◌อ],[ɔː],31
1441,1756966136,ai.elimu.herufi.debug,,0.0,1.0,[จ],[tɕ],24
1442,1756966139,ai.elimu.herufi.debug,,0.0,1.0,[ร],[r],27
1443,1756966141,ai.elimu.herufi.debug,,0.0,1.0,[ะ],[a],61
1444,1756966143,ai.elimu.herufi.debug,,0.0,1.0,[ไ◌],"[a, j]",40
1445,1756966146,ai.elimu.herufi.debug,,0.0,1.0,[ป],[p],8
1446,1756966148,ai.elimu.herufi.debug,,0.0,1.0,[◌ี],[iː],16
1447,1756966150,ai.elimu.herufi.debug,,0.0,1.0,[ข],[kʰ],38
1448,1756966152,ai.elimu.herufi.debug,,0.0,1.0,[ค],[kʰ],25
1449,1756966155,ai.elimu.herufi.debug,,0.0,1.0,[◌ู],[uː],17
1450,1756966157,ai.elimu.herufi.debug,,0.0,1.0,[ด],[d],5
1451,1756966159,ai.elimu.herufi.debug,,0.0,1.0,[ส],[s],32
1452,1758464138,ai.elimu.herufi.debug,,0.0,1.0,[น],[n],7
1453,1758464141,ai.elimu.herufi.debug,,0.0,1.0,[า],[aː],13
1454,1758464150,ai.elimu.herufi.debug,,0.0,1.0,[ก],[k],3
1455,1758464152,ai.elimu.herufi.debug,,0.0,1.0,[ม],[m],12
1456,1758464156,ai.elimu.herufi.debug,,0.0,1.0,[◌ั],[a],34
1457,1758464158,ai.elimu.herufi.debug,,0.0,1.0,[◌่],[∅],116
1458,1758464161,ai.elimu.herufi.debug,,0.0,1.0,[◌่],[∅],116
1459,1758464163,ai.elimu.herufi.debug,,0.0,1.0,[ง],[ŋ],4
1460,1758464166,ai.elimu.herufi.debug,,0.0,1.0,[◌ี],[iː],16
1461,1758464168,ai.elimu.herufi.debug,,0.0,1.0,[ล],[l],22
1462,1758464171,ai.elimu.herufi.debug,,0.0,1.0,[◌้],[∅],117
1463,1758464174,ai.elimu.herufi.debug,,0.0,1.0,[ว],[w],18
1464,1758464175,ai.elimu.herufi.debug,,0.0,1.0,[ว],[w],18
1465,1758464191,ai.elimu.herufi.debug,,0.0,1.0,[ว],[w],18
1466,1758464194,ai.elimu.herufi.debug,,0.0,1.0,[จ],[tɕ],24
1467,1758464197,ai.elimu.herufi.debug,,0.0,1.0,"[◌, อ]",[ɔː],31
1468,1758464200,ai.elimu.herufi.debug,,0.0,1.0,[ด],[d],5
1469,1758464204,ai.elimu.herufi.debug,,0.0,1.0,[ด],[d],5
1470,1758464206,ai.elimu.herufi.debug,,0.0,1.0,[ป],[p],8
1471,1758464208,ai.elimu.herufi.debug,,0.0,1.0,[ท],[tʰ],43
1472,1758464210,ai.elimu.herufi.debug,,0.0,1.0,[◌ู],[uː],17
1473,1758464212,ai.elimu.herufi.debug,,0.0,1.0,[ร],[r],27
1474,1758464215,ai.elimu.herufi.debug,,0.0,1.0,"[ไ, ◌, ◌]","[a, j]",121
1475,1758464238,ai.elimu.herufi.debug,,0.0,1.0,[ะ],[a],61
1476,1758464241,ai.elimu.herufi.debug,,0.0,1.0,"[ไ, ◌]","[a, j]",40
1477,1758464247,ai.elimu.herufi.debug,,0.0,1.0,[ต],[t],48
1478,1758464252,ai.elimu.herufi.debug,,0.0,1.0,[ข],[kʰ],38
1479,1758464259,ai.elimu.herufi.debug,,0.0,1.0,[ข],[kʰ],38
1480,1758464261,ai.elimu.herufi.debug,,0.0,1.0,[ค],[kʰ],25
1481,1758464265,ai.elimu.herufi.debug,,0.0,1.0,[ข],[kʰ],38
1482,1758464268,ai.elimu.herufi.debug,,0.0,1.0,[ค],[kʰ],25
1483,1758464271,ai.elimu.herufi.debug,,0.0,1.0,[ส],[s],32
1484,1758464275,ai.elimu.herufi.debug,,0.0,1.0,"[แ, ◌, ◌]",[ɛː],80
1485,1758464277,ai.elimu.herufi.debug,,0.0,1.0,[บ],[p],2
1486,1758464280,ai.elimu.herufi.debug,,0.0,1.0,[ห],[h],19
1487,1758464287,ai.elimu.herufi.debug,,0.0,1.0,[ฉ],[tɕʰ],44
1488,1758464294,ai.elimu.herufi.debug,,0.0,1.0,"[เ, ◌, อ]",[ɤː],72
1489,1758546804,ai.elimu.herufi.debug,,0.0,1.0,[น],[n],7
1490,1758546806,ai.elimu.herufi.debug,,0.0,1.0,[า],[aː],13
1491,1758546815,ai.elimu.herufi.debug,,0.0,1.0,[ก],[k],3
1492,1758724611,ai.elimu.herufi.debug,,0.0,1.0,[น],[n],7
1493,1758724617,ai.elimu.herufi.debug,,0.0,1.0,[น],[n],7
1494,1759060587,ai.elimu.herufi.debug,,0.0,1.0,[น],[n],7
1495,1759060591,ai.elimu.herufi.debug,,0.0,1.0,[น],[n],7
1496,1759060592,ai.elimu.herufi.debug,,0.0,1.0,[า],[aː],13
1497,1759060594,ai.elimu.herufi.debug,,0.0,1.0,[◌่],[∅],116
1498,1759060597,ai.elimu.herufi.debug,,0.0,1.0,[ก],[k],3
1499,1759060599,ai.elimu.herufi.debug,,0.0,1.0,[ก],[k],3
1500,1759060600,ai.elimu.herufi.debug,,0.0,1.0,[◌้],[∅],117
1501,1759060602,ai.elimu.herufi.debug,,0.0,1.0,[◌้],[∅],117
1502,1759060605,ai.elimu.herufi.debug,,0.0,1.0,[ม],[m],12
1503,1759060608,ai.elimu.herufi.debug,,0.0,1.0,[ง],[ŋ],4
1504,1759060610,ai.elimu.herufi.debug,,0.0,1.0,[◌ั],[a],34
1505,1759060616,ai.elimu.herufi.debug,,0.0,1.0,[◌ี],[iː],16
1506,1759060618,ai.elimu.herufi.debug,,0.0,1.0,[ล],[l],22
1507,1759060620,ai.elimu.herufi.debug,,0.0,1.0,[ด],[d],5
1508,1759060623,ai.elimu.herufi.debug,,0.0,1.0,[ว],[w],18
1509,1759060626,ai.elimu.herufi.debug,,0.0,1.0,[จ],[tɕ],24
1510,1759060634,ai.elimu.herufi.debug,,0.0,1.0,[จ],[tɕ],24
1511,1759335775,ai.elimu.herufi.debug,,0.0,1.0,[น],[n],7
1512,1764593674,ai.elimu.herufi.debug,,0.0,1.0,[น],[n],7
1513,1764593676,ai.elimu.herufi.debug,,0.0,1.0,[า],[aː],13
1514,1764593678,ai.elimu.herufi.debug,,0.0,1.0,[◌่],[∅],116
1515,1764593680,ai.elimu.herufi.debug,,0.0,1.0,[◌้],[∅],117
1516,1764593724,ai.elimu.herufi.debug,,0.0,1.0,[◌้],[∅],117
1517,1764593725,ai.elimu.herufi.debug,,0.0,1.0,[ก],[k],3
1518,1764593727,ai.elimu.herufi.debug,,0.0,1.0,[ก],[k],3
1519,1764593729,ai.elimu.herufi.debug,,0.0,1.0,[ม],[m],12
1520,1764593731,ai.elimu.herufi.debug,,0.0,1.0,[ง],[ŋ],4
1521,1764593733,ai.elimu.herufi.debug,,0.0,1.0,[◌ั],[a],34
1522,1764593735,ai.elimu.herufi.debug,,0.0,1.0,[◌ี],[iː],16
1523,1764593738,ai.elimu.herufi.debug,,0.0,1.0,[ล],[l],22
1524,1764593741,ai.elimu.herufi.debug,,0.0,1.0,[ด],[d],5
1525,1764593745,ai.elimu.herufi.debug,,0.0,1.0,[ว],[w],18
1526,1764593749,ai.elimu.herufi.debug,,0.0,1.0,[จ],[tɕ],24
1527,1764593755,ai.elimu.herufi.debug,,0.0,1.0,"[◌, อ]",[ɔː],31
1528,1764593758,ai.elimu.herufi.debug,,0.0,1.0,[ท],[tʰ],43
1529,1764593761,ai.elimu.herufi.debug,,0.0,1.0,[ป],[p],8
1530,1764593764,ai.elimu.herufi.debug,,0.0,1.0,[ป],[p],8
1531,1764593766,ai.elimu.herufi.debug,,0.0,1.0,[ป],[p],8
1532,1764593767,ai.elimu.herufi.debug,,0.0,1.0,[ป],[p],8
1533,1764593770,ai.elimu.herufi.debug,,0.0,1.0,[◌ู],[uː],17
1534,1764593771,ai.elimu.herufi.debug,,0.0,1.0,[◌ู],[uː],17
1535,1764593774,ai.elimu.herufi.debug,,0.0,1.0,[ร],[r],27
1536,1764593779,ai.elimu.herufi.debug,,0.0,1.0,"[ไ, ◌, ◌]","[a, j]",121
1537,1764593783,ai.elimu.herufi.debug,,0.0,1.0,[ต],[t],48
1538,1764593786,ai.elimu.herufi.debug,,0.0,1.0,[ต],[t],48
1539,1764593788,ai.elimu.herufi.debug,,0.0,1.0,[ต],[t],48
1540,1764593790,ai.elimu.herufi.debug,,0.0,1.0,[ต],[t],48
