id,timestamp,package_name,word_text,word_id,learning_event_type,additional_data
2093,1742289952,ai.elimu.vitabu.debug,ผม,,WORD_PRESSED,
2092,1742289988,ai.elimu.vitabu.debug,ไป,,WORD_PRESSED,
2091,1742289990,ai.elimu.vitabu.debug,ฉัน,,WORD_PRESSED,
2090,1742290020,ai.elimu.vitabu.debug,ฉัน,,WORD_PRESSED,
2089,1742290021,ai.elimu.vitabu.debug,คุณ,,WORD_PRESSED,
2088,1742290023,ai.elimu.vitabu.debug,ผม,,WORD_PRESSED,
2087,1742290383,ai.elimu.vitabu.debug,คุณ,,WORD_PRESSED,
2086,1742290384,ai.elimu.vitabu.debug,ของ,,WORD_PRESSED,
2085,1742290386,ai.elimu.vitabu.debug,คุณ,,WORD_PRESSED,
2084,1742290389,ai.elimu.vitabu.debug,ของ,,WORD_PRESSED,
2083,1742290390,ai.elimu.vitabu.debug,คุณ,,WORD_PRESSED,
2082,1742290393,ai.elimu.vitabu.debug,คุณ,,WORD_PRESSED,
2081,1742290395,ai.elimu.vitabu.debug,ลิง,,WORD_PRESSED,
2080,1742290397,ai.elimu.vitabu.debug,ของ,,WORD_PRESSED,
2079,1742290398,ai.elimu.vitabu.debug,คุณ,,WORD_PRESSED,
2078,1742290400,ai.elimu.vitabu.debug,คุณ,,WORD_PRESSED,
2077,1742290403,ai.elimu.vitabu.debug,ของ,,WORD_PRESSED,
2076,1742290404,ai.elimu.vitabu.debug,คุณ,,WORD_PRESSED,
2075,1742290406,ai.elimu.vitabu.debug,คุณ,,WORD_PRESSED,
2074,1742290409,ai.elimu.vitabu.debug,ฉัน,,WORD_PRESSED,
2073,1742290410,ai.elimu.vitabu.debug,คุณ,,WORD_PRESSED,
2072,1742290812,ai.elimu.vitabu.debug,เพลง,,WORD_PRESSED,
2071,1742290813,ai.elimu.vitabu.debug,ของ,,WORD_PRESSED,
2070,1742290816,ai.elimu.vitabu.debug,มา,,WORD_PRESSED,
2069,1742290817,ai.elimu.vitabu.debug,ฉัน,,WORD_PRESSED,
2068,1742290819,ai.elimu.vitabu.debug,เมฆ,,WORD_PRESSED,
2067,1742290831,ai.elimu.vitabu.debug,เพลง,,WORD_PRESSED,
2066,1742290834,ai.elimu.vitabu.debug,มา,,WORD_PRESSED,
2065,1742290836,ai.elimu.vitabu.debug,ฉัน,,WORD_PRESSED,
2064,1742290837,ai.elimu.vitabu.debug,เมฆ,,WORD_PRESSED,
2063,1742290839,ai.elimu.vitabu.debug,ฝน,,WORD_PRESSED,
2062,1742290840,ai.elimu.vitabu.debug,ฉัน,,WORD_PRESSED,
2061,1742290843,ai.elimu.vitabu.debug,เมฆ,,WORD_PRESSED,
2060,1742290844,ai.elimu.vitabu.debug,เมฆ,,WORD_PRESSED,
2059,1742290846,ai.elimu.vitabu.debug,เมฆ,,WORD_PRESSED,
2058,1742290848,ai.elimu.vitabu.debug,ดู,,WORD_PRESSED,
2057,1742290852,ai.elimu.vitabu.debug,เพลง,,WORD_PRESSED,
2056,1742290854,ai.elimu.vitabu.debug,เมฆ,,WORD_PRESSED,
2055,1742290855,ai.elimu.vitabu.debug,เพลง,,WORD_PRESSED,
2054,1742290856,ai.elimu.vitabu.debug,เมฆ,,WORD_PRESSED,
2053,1742291860,ai.elimu.vitabu.debug,ไป,,WORD_PRESSED,
2052,1742291862,ai.elimu.vitabu.debug,ใน,,WORD_PRESSED,
2051,1742291864,ai.elimu.vitabu.debug,เพลง,,WORD_PRESSED,
2050,1742292345,ai.elimu.vitabu.debug,หยิบ,,WORD_PRESSED,
2049,1742292346,ai.elimu.vitabu.debug,ฉัน,,WORD_PRESSED,
2048,1742292348,ai.elimu.vitabu.debug,สูง,,WORD_PRESSED,
2047,1742293085,ai.elimu.vitabu.debug,สูง,,WORD_PRESSED,
2046,1742293089,ai.elimu.vitabu.debug,สาว,,WORD_PRESSED,
2045,1742293090,ai.elimu.vitabu.debug,หยิบ,,WORD_PRESSED,
2044,1742293091,ai.elimu.vitabu.debug,ฉัน,,WORD_PRESSED,
2043,1742293093,ai.elimu.vitabu.debug,สูง,,WORD_PRESSED,
2042,1742293094,ai.elimu.vitabu.debug,สาว,,WORD_PRESSED,
2041,1742293095,ai.elimu.vitabu.debug,ชาย,,WORD_PRESSED,
2040,1742293097,ai.elimu.vitabu.debug,หยิบ,,WORD_PRESSED,
2039,1742293098,ai.elimu.vitabu.debug,สาว,,WORD_PRESSED,
2038,1742293099,ai.elimu.vitabu.debug,สูง,,WORD_PRESSED,
2037,1742293100,ai.elimu.vitabu.debug,ชาย,,WORD_PRESSED,
2036,1742293102,ai.elimu.vitabu.debug,สูง,,WORD_PRESSED,
2035,1742293104,ai.elimu.vitabu.debug,ฉัน,,WORD_PRESSED,
2034,1742293105,ai.elimu.vitabu.debug,ใน,,WORD_PRESSED,
2033,1742293107,ai.elimu.vitabu.debug,หมา,,WORD_PRESSED,
2032,1742293108,ai.elimu.vitabu.debug,มี,,WORD_PRESSED,
2031,1742293109,ai.elimu.vitabu.debug,มา,,WORD_PRESSED,
2030,1742293110,ai.elimu.vitabu.debug,ฉัน,,WORD_PRESSED,
2029,1742293113,ai.elimu.vitabu.debug,ฉัน,,WORD_PRESSED,
2028,1742293114,ai.elimu.vitabu.debug,ฉัน,,WORD_PRESSED,
2027,1742293115,ai.elimu.vitabu.debug,ชาย,,WORD_PRESSED,
2026,1742293117,ai.elimu.vitabu.debug,ชาย,,WORD_PRESSED,
2025,1742293118,ai.elimu.vitabu.debug,สาว,,WORD_PRESSED,
2024,1742293120,ai.elimu.vitabu.debug,สาว,,WORD_PRESSED,
2023,1742293122,ai.elimu.vitabu.debug,สูง,,WORD_PRESSED,
2022,1742293872,ai.elimu.vitabu.debug,ฉัน,,WORD_PRESSED,
2021,1742293873,ai.elimu.vitabu.debug,ไป,,WORD_PRESSED,
2020,1742293874,ai.elimu.vitabu.debug,คุณ,,WORD_PRESSED,
2019,1742293875,ai.elimu.vitabu.debug,ของ,,WORD_PRESSED,
2018,1742293876,ai.elimu.vitabu.debug,ฉัน,,WORD_PRESSED,
2017,1742293877,ai.elimu.vitabu.debug,ฉัน,,WORD_PRESSED,
2016,1742293879,ai.elimu.vitabu.debug,คุณ,,WORD_PRESSED,
2015,1742293881,ai.elimu.vitabu.debug,ผม,,WORD_PRESSED,
2014,1742293882,ai.elimu.vitabu.debug,คุณ,,WORD_PRESSED,
2013,1742293884,ai.elimu.vitabu.debug,คุณ,,WORD_PRESSED,
2012,1742293885,ai.elimu.vitabu.debug,ของ,,WORD_PRESSED,
2011,1742293886,ai.elimu.vitabu.debug,คุณ,,WORD_PRESSED,
2010,1742293888,ai.elimu.vitabu.debug,คุณ,,WORD_PRESSED,
2009,1742293890,ai.elimu.vitabu.debug,ของ,,WORD_PRESSED,
2008,1742293891,ai.elimu.vitabu.debug,คุณ,,WORD_PRESSED,
2007,1742293892,ai.elimu.vitabu.debug,คุณ,,WORD_PRESSED,
2006,1742293893,ai.elimu.vitabu.debug,ของ,,WORD_PRESSED,
2005,1742293894,ai.elimu.vitabu.debug,คุณ,,WORD_PRESSED,
2004,1742293895,ai.elimu.vitabu.debug,คุณ,,WORD_PRESSED,
2003,1742293897,ai.elimu.vitabu.debug,คุณ,,WORD_PRESSED,
2002,1742293903,ai.elimu.vitabu.debug,ของ,,WORD_PRESSED,
2001,1742293904,ai.elimu.vitabu.debug,ฉัน,,WORD_PRESSED,
2000,1742293905,ai.elimu.vitabu.debug,ผม,,WORD_PRESSED,
1999,1742293906,ai.elimu.vitabu.debug,ของ,,WORD_PRESSED,
1998,1742293907,ai.elimu.vitabu.debug,ฉัน,,WORD_PRESSED,
1997,1742293908,ai.elimu.vitabu.debug,ผม,,WORD_PRESSED,
1996,1742293910,ai.elimu.vitabu.debug,ของ,,WORD_PRESSED,
1995,1742293911,ai.elimu.vitabu.debug,ฉัน,,WORD_PRESSED,
1994,1742293912,ai.elimu.vitabu.debug,ตา,,WORD_PRESSED,
1993,1742293913,ai.elimu.vitabu.debug,ฉัน,,WORD_PRESSED,
1992,1742293914,ai.elimu.vitabu.debug,ของ,,WORD_PRESSED,
1991,1742293915,ai.elimu.vitabu.debug,ฉัน,,WORD_PRESSED,
1990,1742293916,ai.elimu.vitabu.debug,ตา,,WORD_PRESSED,
1989,1742293919,ai.elimu.vitabu.debug,ดู,,WORD_PRESSED,
1988,1742293922,ai.elimu.vitabu.debug,หู,,WORD_PRESSED,
1987,1742293923,ai.elimu.vitabu.debug,ของ,,WORD_PRESSED,
1986,1742293924,ai.elimu.vitabu.debug,ฉัน,,WORD_PRESSED,
1985,1742293925,ai.elimu.vitabu.debug,ฉัน,,WORD_PRESSED,
1984,1742293926,ai.elimu.vitabu.debug,หู,,WORD_PRESSED,
1983,1742293927,ai.elimu.vitabu.debug,หู,,WORD_PRESSED,
1982,1742293929,ai.elimu.vitabu.debug,หู,,WORD_PRESSED,
1981,1742293933,ai.elimu.vitabu.debug,หู,,WORD_PRESSED,
1980,1742293934,ai.elimu.vitabu.debug,หู,,WORD_PRESSED,
1979,1742293935,ai.elimu.vitabu.debug,ของ,,WORD_PRESSED,
1978,1742293936,ai.elimu.vitabu.debug,ฉัน,,WORD_PRESSED,
1977,1742293937,ai.elimu.vitabu.debug,หู,,WORD_PRESSED,
1976,1742293939,ai.elimu.vitabu.debug,ของ,,WORD_PRESSED,
1975,1742293940,ai.elimu.vitabu.debug,ฉัน,,WORD_PRESSED,
1974,1742293942,ai.elimu.vitabu.debug,ฉัน,,WORD_PRESSED,
1973,1742293943,ai.elimu.vitabu.debug,ฉัน,,WORD_PRESSED,
1972,1742293944,ai.elimu.vitabu.debug,ของ,,WORD_PRESSED,
1971,1742293945,ai.elimu.vitabu.debug,ฉัน,,WORD_PRESSED,
1970,1742293946,ai.elimu.vitabu.debug,ฟัน,,WORD_PRESSED,
1969,1742293947,ai.elimu.vitabu.debug,ฉัน,,WORD_PRESSED,
1968,1742293948,ai.elimu.vitabu.debug,ฟัน,,WORD_PRESSED,
1967,1742293949,ai.elimu.vitabu.debug,ฉัน,,WORD_PRESSED,
1966,1742293950,ai.elimu.vitabu.debug,ของ,,WORD_PRESSED,
1965,1742293951,ai.elimu.vitabu.debug,ฉัน,,WORD_PRESSED,
1964,1742293952,ai.elimu.vitabu.debug,ฉัน,,WORD_PRESSED,
1963,1742293953,ai.elimu.vitabu.debug,ของ,,WORD_PRESSED,
1962,1742293954,ai.elimu.vitabu.debug,ฉัน,,WORD_PRESSED,
1961,1742293955,ai.elimu.vitabu.debug,ฉัน,,WORD_PRESSED,
1960,1742293956,ai.elimu.vitabu.debug,ฉัน,,WORD_PRESSED,
1959,1742293957,ai.elimu.vitabu.debug,ของ,,WORD_PRESSED,
1958,1742293958,ai.elimu.vitabu.debug,ฉัน,,WORD_PRESSED,
2128,1742367397,ai.elimu.vitabu.debug,ของ,,WORD_PRESSED,
2127,1742367450,ai.elimu.vitabu.debug,ดู,,WORD_PRESSED,
2126,1742369354,ai.elimu.vitabu.debug,ดู,,WORD_PRESSED,
2125,1742369357,ai.elimu.vitabu.debug,ดู,,WORD_PRESSED,
2124,1742369359,ai.elimu.vitabu.debug,ดู,,WORD_PRESSED,
2123,1742369361,ai.elimu.vitabu.debug,ดู,,WORD_PRESSED,
2122,1742369363,ai.elimu.vitabu.debug,ดู,,WORD_PRESSED,
2121,1742369370,ai.elimu.vitabu.debug,ดู,,WORD_PRESSED,
2120,1742369373,ai.elimu.vitabu.debug,ดู,,WORD_PRESSED,
2119,1742369382,ai.elimu.vitabu.debug,ของ,,WORD_PRESSED,
2118,1742369384,ai.elimu.vitabu.debug,ของ,,WORD_PRESSED,
2117,1742369385,ai.elimu.vitabu.debug,ฉัน,,WORD_PRESSED,
2116,1742369386,ai.elimu.vitabu.debug,ของ,,WORD_PRESSED,
2115,1742369392,ai.elimu.vitabu.debug,ของ,,WORD_PRESSED,
2114,1742369394,ai.elimu.vitabu.debug,ฉัน,,WORD_PRESSED,
2113,1742369411,ai.elimu.vitabu.debug,ตา,,WORD_PRESSED,
2112,1742369412,ai.elimu.vitabu.debug,ดู,,WORD_PRESSED,
2111,1742369415,ai.elimu.vitabu.debug,ดู,,WORD_PRESSED,
2110,1742369417,ai.elimu.vitabu.debug,ตา,,WORD_PRESSED,
2109,1742369418,ai.elimu.vitabu.debug,ฉัน,,WORD_PRESSED,
2108,1742369420,ai.elimu.vitabu.debug,ดู,,WORD_PRESSED,
2107,1742369433,ai.elimu.vitabu.debug,ฉัน,,WORD_PRESSED,
2106,1742369434,ai.elimu.vitabu.debug,ตา,,WORD_PRESSED,
2105,1742369436,ai.elimu.vitabu.debug,ดู,,WORD_PRESSED,
2104,1742369469,ai.elimu.vitabu.debug,ของ,,WORD_PRESSED,
2103,1742369476,ai.elimu.vitabu.debug,ผม,,WORD_PRESSED,
2102,1742369479,ai.elimu.vitabu.debug,ของ,,WORD_PRESSED,
2101,1742369504,ai.elimu.vitabu.debug,ดู,,WORD_PRESSED,
2100,1742369506,ai.elimu.vitabu.debug,ดู,,WORD_PRESSED,
2099,1742369508,ai.elimu.vitabu.debug,ตา,,WORD_PRESSED,
2098,1742369509,ai.elimu.vitabu.debug,ดู,,WORD_PRESSED,
2097,1742369510,ai.elimu.vitabu.debug,ตา,,WORD_PRESSED,
2096,1742369512,ai.elimu.vitabu.debug,ตา,,WORD_PRESSED,
2095,1742369581,ai.elimu.vitabu.debug,หู,,WORD_PRESSED,
2094,1742369599,ai.elimu.vitabu.debug,สูง,,WORD_PRESSED,
2166,1742428725,ai.elimu.vitabu.debug,จักรยาน,,WORD_PRESSED,
2165,1742428764,ai.elimu.vitabu.debug,ดู,,WORD_PRESSED,
2164,1742432784,ai.elimu.vitabu.debug,ไป,,WORD_PRESSED,
2163,1742433016,ai.elimu.vitabu.debug,จักรยาน,,WORD_PRESSED,
2162,1742433046,ai.elimu.vitabu.debug,จักรยาน,,WORD_PRESSED,
2161,1742433055,ai.elimu.vitabu.debug,จักรยาน,,WORD_PRESSED,
2160,1742450682,ai.elimu.vitabu.debug,จักรยาน,,WORD_PRESSED,
2159,1742450688,ai.elimu.vitabu.debug,ว่า,,WORD_PRESSED,
2158,1742450705,ai.elimu.vitabu.debug,งาน,,WORD_PRESSED,
2157,1742450707,ai.elimu.vitabu.debug,ว่า,,WORD_PRESSED,
2156,1742450717,ai.elimu.vitabu.debug,ว่า,,WORD_PRESSED,
2155,1742450719,ai.elimu.vitabu.debug,ว่า,,WORD_PRESSED,
2154,1742450724,ai.elimu.vitabu.debug,งาน,,WORD_PRESSED,
2153,1742450726,ai.elimu.vitabu.debug,งาน,,WORD_PRESSED,
2152,1742450729,ai.elimu.vitabu.debug,จักรยาน,,WORD_PRESSED,
2151,1742450775,ai.elimu.vitabu.debug,จาก,,WORD_PRESSED,
2150,1742450776,ai.elimu.vitabu.debug,ว่า,,WORD_PRESSED,
2149,1742450778,ai.elimu.vitabu.debug,จาก,,WORD_PRESSED,
2148,1742450780,ai.elimu.vitabu.debug,ใน,,WORD_PRESSED,
2147,1742450782,ai.elimu.vitabu.debug,ไป,,WORD_PRESSED,
2146,1742450808,ai.elimu.vitabu.debug,ใน,,WORD_PRESSED,
2145,1742450811,ai.elimu.vitabu.debug,ไป,,WORD_PRESSED,
2144,1742450822,ai.elimu.vitabu.debug,ไป,,WORD_PRESSED,
2143,1742450833,ai.elimu.vitabu.debug,ไป,,WORD_PRESSED,
2142,1742450837,ai.elimu.vitabu.debug,ไป,,WORD_PRESSED,
2141,1742450840,ai.elimu.vitabu.debug,ใน,,WORD_PRESSED,
2140,1742450879,ai.elimu.vitabu.debug,จักรยาน,,WORD_PRESSED,
2139,1742450886,ai.elimu.vitabu.debug,จักรยาน,,WORD_PRESSED,
2138,1742450887,ai.elimu.vitabu.debug,ไป,,WORD_PRESSED,
2137,1742450892,ai.elimu.vitabu.debug,จาก,,WORD_PRESSED,
2136,1742450894,ai.elimu.vitabu.debug,พวก,,WORD_PRESSED,
2135,1742450896,ai.elimu.vitabu.debug,มา,,WORD_PRESSED,
2134,1742450897,ai.elimu.vitabu.debug,ไป,,WORD_PRESSED,
2133,1742450899,ai.elimu.vitabu.debug,จักรยาน,,WORD_PRESSED,
2132,1742450902,ai.elimu.vitabu.debug,ของ,,WORD_PRESSED,
2131,1742450911,ai.elimu.vitabu.debug,คิด,,WORD_PRESSED,
2130,1742450918,ai.elimu.vitabu.debug,ดี,,WORD_PRESSED,
2129,1742468149,ai.elimu.vitabu.debug,จักรยาน,,WORD_PRESSED,
2170,1742713060,ai.elimu.vitabu.debug,หยิบ,,WORD_PRESSED,
2169,1742713067,ai.elimu.vitabu.debug,หยิบ,,WORD_PRESSED,
2168,1742713077,ai.elimu.vitabu.debug,หยิบ,,WORD_PRESSED,
2167,1742713095,ai.elimu.vitabu.debug,สูง,,WORD_PRESSED,
2191,1742909156,ai.elimu.vitabu.debug,ของ,,WORD_PRESSED,
2190,1742909157,ai.elimu.vitabu.debug,ดี,,WORD_PRESSED,
2189,1742909159,ai.elimu.vitabu.debug,ว่า,,WORD_PRESSED,
2188,1742909160,ai.elimu.vitabu.debug,ดู,,WORD_PRESSED,
2187,1742909162,ai.elimu.vitabu.debug,พวก,,WORD_PRESSED,
2186,1742909165,ai.elimu.vitabu.debug,พวก,,WORD_PRESSED,
2185,1742909172,ai.elimu.vitabu.debug,ดี,,WORD_PRESSED,
2184,1742909174,ai.elimu.vitabu.debug,ของ,,WORD_PRESSED,
2183,1742909175,ai.elimu.vitabu.debug,พวก,,WORD_PRESSED,
2182,1742909185,ai.elimu.vitabu.debug,ฉัน,,WORD_PRESSED,
2181,1742909186,ai.elimu.vitabu.debug,ฉัน,,WORD_PRESSED,
2180,1742909212,ai.elimu.vitabu.debug,ฟัน,,WORD_PRESSED,
2179,1742909222,ai.elimu.vitabu.debug,ฟัน,,WORD_PRESSED,
2178,1742909223,ai.elimu.vitabu.debug,มา,,WORD_PRESSED,
2177,1742909229,ai.elimu.vitabu.debug,ฉัน,,WORD_PRESSED,
2176,1742909231,ai.elimu.vitabu.debug,ยีราฟ,,WORD_PRESSED,
2175,1742909278,ai.elimu.vitabu.debug,พวก,,WORD_PRESSED,
2174,1742909280,ai.elimu.vitabu.debug,เพลง,,WORD_PRESSED,
2173,1742909322,ai.elimu.vitabu.debug,มา,,WORD_PRESSED,
2172,1742909324,ai.elimu.vitabu.debug,มา,,WORD_PRESSED,
2171,1742909326,ai.elimu.vitabu.debug,ฉัน,,WORD_PRESSED,
2327,1742996519,ai.elimu.vitabu.debug,ใน,,WORD_PRESSED,
2326,1742996521,ai.elimu.vitabu.debug,ไป,,WORD_PRESSED,
2325,1742996523,ai.elimu.vitabu.debug,เพลง,,WORD_PRESSED,
2324,1742996524,ai.elimu.vitabu.debug,ของ,,WORD_PRESSED,
2323,1742996526,ai.elimu.vitabu.debug,มา,,WORD_PRESSED,
2322,1742996527,ai.elimu.vitabu.debug,ฉัน,,WORD_PRESSED,
2321,1742996529,ai.elimu.vitabu.debug,เมฆ,,WORD_PRESSED,
2320,1742996534,ai.elimu.vitabu.debug,เมฆ,,WORD_PRESSED,
2319,1742996537,ai.elimu.vitabu.debug,เพลง,,WORD_PRESSED,
2318,1742996539,ai.elimu.vitabu.debug,มา,,WORD_PRESSED,
2317,1742996541,ai.elimu.vitabu.debug,ฉัน,,WORD_PRESSED,
2316,1742996542,ai.elimu.vitabu.debug,เมฆ,,WORD_PRESSED,
2315,1742996544,ai.elimu.vitabu.debug,ฝน,,WORD_PRESSED,
2314,1742996545,ai.elimu.vitabu.debug,ฉัน,,WORD_PRESSED,
2313,1742996547,ai.elimu.vitabu.debug,เมฆ,,WORD_PRESSED,
2312,1742996548,ai.elimu.vitabu.debug,เพลง,,WORD_PRESSED,
2311,1742996549,ai.elimu.vitabu.debug,เมฆ,,WORD_PRESSED,
2310,1742996551,ai.elimu.vitabu.debug,ฝน,,WORD_PRESSED,
2309,1742996552,ai.elimu.vitabu.debug,มา,,WORD_PRESSED,
2308,1742996553,ai.elimu.vitabu.debug,พวก,,WORD_PRESSED,
2307,1742996554,ai.elimu.vitabu.debug,พวก,,WORD_PRESSED,
2306,1742996555,ai.elimu.vitabu.debug,ไป,,WORD_PRESSED,
2305,1742996556,ai.elimu.vitabu.debug,ใน,,WORD_PRESSED,
2304,1742996707,ai.elimu.vitabu.debug,ฝน,,WORD_PRESSED,
2303,1742996740,ai.elimu.vitabu.debug,ฝน,,WORD_PRESSED,
2302,1742996742,ai.elimu.vitabu.debug,ฝน,,WORD_PRESSED,
2301,1742996752,ai.elimu.vitabu.debug,คิด,,WORD_PRESSED,
2300,1742996754,ai.elimu.vitabu.debug,เพลง,,WORD_PRESSED,
2299,1742996756,ai.elimu.vitabu.debug,ฝน,,WORD_PRESSED,
2298,1742996758,ai.elimu.vitabu.debug,ฝน,,WORD_PRESSED,
2297,1742996764,ai.elimu.vitabu.debug,ฝน,,WORD_PRESSED,
2296,1742996766,ai.elimu.vitabu.debug,ฝน,,WORD_PRESSED,
2295,1742996767,ai.elimu.vitabu.debug,ฝน,,WORD_PRESSED,
2294,1742996769,ai.elimu.vitabu.debug,ฝน,,WORD_PRESSED,
2293,1742996771,ai.elimu.vitabu.debug,ฝน,,WORD_PRESSED,
2292,1742996773,ai.elimu.vitabu.debug,เพลง,,WORD_PRESSED,
2291,1742996774,ai.elimu.vitabu.debug,เพลง,,WORD_PRESSED,
2290,1742996775,ai.elimu.vitabu.debug,เพลง,,WORD_PRESSED,
2289,1742996776,ai.elimu.vitabu.debug,เพลง,,WORD_PRESSED,
2288,1742996783,ai.elimu.vitabu.debug,คิด,,WORD_PRESSED,
2287,1742996784,ai.elimu.vitabu.debug,คิด,,WORD_PRESSED,
2286,1742996785,ai.elimu.vitabu.debug,คิด,,WORD_PRESSED,
2285,1742996787,ai.elimu.vitabu.debug,คิด,,WORD_PRESSED,
2284,1742996788,ai.elimu.vitabu.debug,คิด,,WORD_PRESSED,
2283,1742996789,ai.elimu.vitabu.debug,คิด,,WORD_PRESSED,
2282,1742996794,ai.elimu.vitabu.debug,คิด,,WORD_PRESSED,
2281,1742996796,ai.elimu.vitabu.debug,เพลง,,WORD_PRESSED,
2280,1742996831,ai.elimu.vitabu.debug,ฉัน,,WORD_PRESSED,
2279,1742996832,ai.elimu.vitabu.debug,ฝน,,WORD_PRESSED,
2278,1742996833,ai.elimu.vitabu.debug,เมฆ,,WORD_PRESSED,
2277,1742996834,ai.elimu.vitabu.debug,เมฆ,,WORD_PRESSED,
2276,1742996835,ai.elimu.vitabu.debug,เมฆ,,WORD_PRESSED,
2275,1742996841,ai.elimu.vitabu.debug,ของ,,WORD_PRESSED,
2274,1742996842,ai.elimu.vitabu.debug,ดู,,WORD_PRESSED,
2273,1742996843,ai.elimu.vitabu.debug,พวก,,WORD_PRESSED,
2272,1742996844,ai.elimu.vitabu.debug,ดี,,WORD_PRESSED,
2271,1742996845,ai.elimu.vitabu.debug,ว่า,,WORD_PRESSED,
2270,1742996867,ai.elimu.vitabu.debug,พวก,,WORD_PRESSED,
2269,1742996869,ai.elimu.vitabu.debug,พวก,,WORD_PRESSED,
2268,1742996870,ai.elimu.vitabu.debug,ดู,,WORD_PRESSED,
2267,1742996871,ai.elimu.vitabu.debug,ของ,,WORD_PRESSED,
2266,1742996872,ai.elimu.vitabu.debug,ว่า,,WORD_PRESSED,
2265,1742996873,ai.elimu.vitabu.debug,ดี,,WORD_PRESSED,
2264,1742996874,ai.elimu.vitabu.debug,ว่า,,WORD_PRESSED,
2263,1742996875,ai.elimu.vitabu.debug,ของ,,WORD_PRESSED,
2262,1742996876,ai.elimu.vitabu.debug,ดู,,WORD_PRESSED,
2261,1742996877,ai.elimu.vitabu.debug,พวก,,WORD_PRESSED,
2260,1742996881,ai.elimu.vitabu.debug,พวก,,WORD_PRESSED,
2259,1742996882,ai.elimu.vitabu.debug,ดู,,WORD_PRESSED,
2258,1742996883,ai.elimu.vitabu.debug,ดู,,WORD_PRESSED,
2257,1742996884,ai.elimu.vitabu.debug,ดู,,WORD_PRESSED,
2256,1742996885,ai.elimu.vitabu.debug,ดู,,WORD_PRESSED,
2255,1742996886,ai.elimu.vitabu.debug,ดู,,WORD_PRESSED,
2254,1742996887,ai.elimu.vitabu.debug,ดู,,WORD_PRESSED,
2253,1742996889,ai.elimu.vitabu.debug,ดู,,WORD_PRESSED,
2252,1742996892,ai.elimu.vitabu.debug,ดู,,WORD_PRESSED,
2251,1742996893,ai.elimu.vitabu.debug,ดู,,WORD_PRESSED,
2250,1742996896,ai.elimu.vitabu.debug,ดู,,WORD_PRESSED,
2249,1742996897,ai.elimu.vitabu.debug,ดู,,WORD_PRESSED,
2248,1742996900,ai.elimu.vitabu.debug,ดู,,WORD_PRESSED,
2247,1742996927,ai.elimu.vitabu.debug,พวก,,WORD_PRESSED,
2246,1742996928,ai.elimu.vitabu.debug,ดู,,WORD_PRESSED,
2245,1742996929,ai.elimu.vitabu.debug,ดู,,WORD_PRESSED,
2244,1742996930,ai.elimu.vitabu.debug,ดู,,WORD_PRESSED,
2243,1742996931,ai.elimu.vitabu.debug,ดู,,WORD_PRESSED,
2242,1742996932,ai.elimu.vitabu.debug,ดู,,WORD_PRESSED,
2241,1742996933,ai.elimu.vitabu.debug,ดู,,WORD_PRESSED,
2240,1742996934,ai.elimu.vitabu.debug,ดู,,WORD_PRESSED,
2239,1742996935,ai.elimu.vitabu.debug,ดู,,WORD_PRESSED,
2238,1742996936,ai.elimu.vitabu.debug,ของ,,WORD_PRESSED,
2237,1742996937,ai.elimu.vitabu.debug,ของ,,WORD_PRESSED,
2236,1743006089,ai.elimu.vitabu.debug,ดู,,WORD_PRESSED,
2235,1743006092,ai.elimu.vitabu.debug,ดู,,WORD_PRESSED,
2234,1743006096,ai.elimu.vitabu.debug,ดู,,WORD_PRESSED,
2233,1743006098,ai.elimu.vitabu.debug,ดู,,WORD_PRESSED,
2232,1743006099,ai.elimu.vitabu.debug,ดู,,WORD_PRESSED,
2231,1743006101,ai.elimu.vitabu.debug,ดู,,WORD_PRESSED,
2230,1743006102,ai.elimu.vitabu.debug,ดู,,WORD_PRESSED,
2229,1743006103,ai.elimu.vitabu.debug,ดู,,WORD_PRESSED,
2228,1743006105,ai.elimu.vitabu.debug,ดู,,WORD_PRESSED,
2227,1743006106,ai.elimu.vitabu.debug,ดู,,WORD_PRESSED,
2226,1743006109,ai.elimu.vitabu.debug,ดู,,WORD_PRESSED,
2225,1743006110,ai.elimu.vitabu.debug,ดู,,WORD_PRESSED,
2224,1743006124,ai.elimu.vitabu.debug,ของ,,WORD_PRESSED,
2223,1743006126,ai.elimu.vitabu.debug,ว่า,,WORD_PRESSED,
2222,1743006232,ai.elimu.vitabu.debug,ของ,,WORD_PRESSED,
2221,1743006234,ai.elimu.vitabu.debug,ของ,,WORD_PRESSED,
2220,1743006235,ai.elimu.vitabu.debug,ของ,,WORD_PRESSED,
2219,1743006236,ai.elimu.vitabu.debug,ของ,,WORD_PRESSED,
2218,1743006237,ai.elimu.vitabu.debug,ของ,,WORD_PRESSED,
2217,1743006238,ai.elimu.vitabu.debug,ของ,,WORD_PRESSED,
2216,1743006240,ai.elimu.vitabu.debug,ของ,,WORD_PRESSED,
2215,1743006241,ai.elimu.vitabu.debug,ของ,,WORD_PRESSED,
2214,1743006242,ai.elimu.vitabu.debug,ของ,,WORD_PRESSED,
2213,1743007473,ai.elimu.vitabu.debug,ดู,,WORD_PRESSED,
2212,1743007474,ai.elimu.vitabu.debug,ดู,,WORD_PRESSED,
2211,1743007475,ai.elimu.vitabu.debug,ดู,,WORD_PRESSED,
2210,1743007481,ai.elimu.vitabu.debug,ดู,,WORD_PRESSED,
2209,1743007482,ai.elimu.vitabu.debug,ดู,,WORD_PRESSED,
2208,1743007483,ai.elimu.vitabu.debug,ดู,,WORD_PRESSED,
2207,1743007484,ai.elimu.vitabu.debug,ดู,,WORD_PRESSED,
2206,1743007499,ai.elimu.vitabu.debug,ดู,,WORD_PRESSED,
2205,1743007501,ai.elimu.vitabu.debug,ดู,,WORD_PRESSED,
2204,1743007503,ai.elimu.vitabu.debug,ดู,,WORD_PRESSED,
2203,1743007504,ai.elimu.vitabu.debug,ดู,,WORD_PRESSED,
2202,1743007505,ai.elimu.vitabu.debug,ดู,,WORD_PRESSED,
2201,1743007506,ai.elimu.vitabu.debug,ดู,,WORD_PRESSED,
2200,1743007724,ai.elimu.vitabu.debug,วัน,,WORD_PRESSED,
2199,1743007727,ai.elimu.vitabu.debug,ไป,,WORD_PRESSED,
2198,1743007729,ai.elimu.vitabu.debug,ดู,,WORD_PRESSED,
2197,1743007740,ai.elimu.vitabu.debug,จักรยาน,,WORD_PRESSED,
2196,1743007743,ai.elimu.vitabu.debug,วัน,,WORD_PRESSED,
2195,1743007745,ai.elimu.vitabu.debug,จักรยาน,,WORD_PRESSED,
2194,1743007746,ai.elimu.vitabu.debug,งาน,,WORD_PRESSED,
2193,1743007747,ai.elimu.vitabu.debug,ว่า,,WORD_PRESSED,
2192,1743007750,ai.elimu.vitabu.debug,ดู,,WORD_PRESSED,
2390,1743062638,ai.elimu.vitabu.debug,กระรอก,,WORD_PRESSED,
2389,1743062644,ai.elimu.vitabu.debug,กระรอก,,WORD_PRESSED,
2388,1743062646,ai.elimu.vitabu.debug,วัน,,WORD_PRESSED,
2387,1743062647,ai.elimu.vitabu.debug,วัน,,WORD_PRESSED,
2386,1743062648,ai.elimu.vitabu.debug,กระรอก,,WORD_PRESSED,
2385,1743062652,ai.elimu.vitabu.debug,กระรอก,,WORD_PRESSED,
2384,1743062653,ai.elimu.vitabu.debug,กระรอก,,WORD_PRESSED,
2383,1743062657,ai.elimu.vitabu.debug,กระรอก,,WORD_PRESSED,
2382,1743062658,ai.elimu.vitabu.debug,กระรอก,,WORD_PRESSED,
2381,1743062674,ai.elimu.vitabu.debug,กระรอก,,WORD_PRESSED,
2380,1743062676,ai.elimu.vitabu.debug,กระรอก,,WORD_PRESSED,
2379,1743062678,ai.elimu.vitabu.debug,กระรอก,,WORD_PRESSED,
2378,1743062692,ai.elimu.vitabu.debug,กระรอก,,WORD_PRESSED,
2377,1743062713,ai.elimu.vitabu.debug,วัน,,WORD_PRESSED,
2376,1743062714,ai.elimu.vitabu.debug,วัน,,WORD_PRESSED,
2375,1743062715,ai.elimu.vitabu.debug,วัน,,WORD_PRESSED,
2374,1743062716,ai.elimu.vitabu.debug,กระรอก,,WORD_PRESSED,
2373,1743062717,ai.elimu.vitabu.debug,กระรอก,,WORD_PRESSED,
2372,1743062780,ai.elimu.vitabu.debug,สอง,,WORD_PRESSED,
2371,1743062784,ai.elimu.vitabu.debug,มี,,WORD_PRESSED,
2370,1743062786,ai.elimu.vitabu.debug,สอง,,WORD_PRESSED,
2369,1743062788,ai.elimu.vitabu.debug,สอง,,WORD_PRESSED,
2368,1743062790,ai.elimu.vitabu.debug,ดี,,WORD_PRESSED,
2367,1743062792,ai.elimu.vitabu.debug,ดี,,WORD_PRESSED,
2366,1743062800,ai.elimu.vitabu.debug,สอง,,WORD_PRESSED,
2365,1743062803,ai.elimu.vitabu.debug,มี,,WORD_PRESSED,
2364,1743062804,ai.elimu.vitabu.debug,สอง,,WORD_PRESSED,
2363,1743063615,ai.elimu.vitabu.debug,กระรอก,,WORD_PRESSED,
2362,1743063619,ai.elimu.vitabu.debug,กระรอก,,WORD_PRESSED,
2361,1743063638,ai.elimu.vitabu.debug,กระรอก,,WORD_PRESSED,
2360,1743063761,ai.elimu.vitabu.debug,กระรอก,,WORD_PRESSED,
2359,1743063780,ai.elimu.vitabu.debug,วัน,,WORD_PRESSED,
2358,1743063823,ai.elimu.vitabu.debug,กระรอก,,WORD_PRESSED,
2357,1743071223,ai.elimu.vitabu.debug,ไป,,WORD_PRESSED,
2356,1743071227,ai.elimu.vitabu.debug,ไป,,WORD_PRESSED,
2355,1743071228,ai.elimu.vitabu.debug,กระรอก,,WORD_PRESSED,
2354,1743071232,ai.elimu.vitabu.debug,กระรอก,,WORD_PRESSED,
2353,1743071233,ai.elimu.vitabu.debug,ไป,,WORD_PRESSED,
2352,1743071235,ai.elimu.vitabu.debug,กระรอก,,WORD_PRESSED,
2351,1743071241,ai.elimu.vitabu.debug,กระรอก,,WORD_PRESSED,
2350,1743071244,ai.elimu.vitabu.debug,กระรอก,,WORD_PRESSED,
2349,1743071245,ai.elimu.vitabu.debug,ไป,,WORD_PRESSED,
2348,1743071247,ai.elimu.vitabu.debug,กระรอก,,WORD_PRESSED,
2347,1743071248,ai.elimu.vitabu.debug,ไป,,WORD_PRESSED,
2346,1743071250,ai.elimu.vitabu.debug,วัน,,WORD_PRESSED,
2345,1743071252,ai.elimu.vitabu.debug,กระรอก,,WORD_PRESSED,
2344,1743071253,ai.elimu.vitabu.debug,ไป,,WORD_PRESSED,
2343,1743071271,ai.elimu.vitabu.debug,กระรอก,,WORD_PRESSED,
2342,1743078316,ai.elimu.vitabu.debug,กระรอก,,WORD_PRESSED,
2341,1743078326,ai.elimu.vitabu.debug,กระรอก,,WORD_PRESSED,
2340,1743078483,ai.elimu.vitabu.debug,สอง,,WORD_PRESSED,
2339,1743087929,ai.elimu.vitabu.debug,ฉัน,,WORD_PRESSED,
2338,1743087930,ai.elimu.vitabu.debug,ฉัน,,WORD_PRESSED,
2337,1743087931,ai.elimu.vitabu.debug,ฉัน,,WORD_PRESSED,
2336,1743087932,ai.elimu.vitabu.debug,ฉัน,,WORD_PRESSED,
2335,1743087934,ai.elimu.vitabu.debug,ฉัน,,WORD_PRESSED,
2334,1743087935,ai.elimu.vitabu.debug,ฉัน,,WORD_PRESSED,
2333,1743087936,ai.elimu.vitabu.debug,ฉัน,,WORD_PRESSED,
2332,1743087938,ai.elimu.vitabu.debug,ฉัน,,WORD_PRESSED,
2331,1743087939,ai.elimu.vitabu.debug,ฉัน,,WORD_PRESSED,
2330,1743087940,ai.elimu.vitabu.debug,ฉัน,,WORD_PRESSED,
2329,1743087941,ai.elimu.vitabu.debug,ฉัน,,WORD_PRESSED,
2328,1743087943,ai.elimu.vitabu.debug,ฉัน,,WORD_PRESSED,
2391,1743128911,ai.elimu.vitabu.debug,กระรอก,,WORD_PRESSED,
2392,1743238043,ai.elimu.vitabu.debug,จักรยาน,,WORD_PRESSED,
2404,1743344141,ai.elimu.vitabu.debug,สอง,,WORD_PRESSED,
2403,1743344144,ai.elimu.vitabu.debug,สอง,,WORD_PRESSED,
2402,1743344151,ai.elimu.vitabu.debug,งู,,WORD_PRESSED,
2401,1743344153,ai.elimu.vitabu.debug,งู,,WORD_PRESSED,
2400,1743344157,ai.elimu.vitabu.debug,งู,,WORD_PRESSED,
2399,1743344163,ai.elimu.vitabu.debug,มี,,WORD_PRESSED,
2398,1743344172,ai.elimu.vitabu.debug,กระรอก,,WORD_PRESSED,
2397,1743344173,ai.elimu.vitabu.debug,วัน,,WORD_PRESSED,
2396,1743344175,ai.elimu.vitabu.debug,มี,,WORD_PRESSED,
2395,1743344176,ai.elimu.vitabu.debug,ดี,,WORD_PRESSED,
2394,1743344177,ai.elimu.vitabu.debug,สอง,,WORD_PRESSED,
2393,1743344181,ai.elimu.vitabu.debug,ไป,,WORD_PRESSED,
2408,1743399861,ai.elimu.vitabu.debug,สอง,,WORD_PRESSED,
2407,1743399870,ai.elimu.vitabu.debug,สอง,,WORD_PRESSED,
2406,1743399873,ai.elimu.vitabu.debug,ไป,,WORD_PRESSED,
2405,1743399885,ai.elimu.vitabu.debug,วัน,,WORD_PRESSED,
2439,1743526145,ai.elimu.vitabu.debug,กระรอก,,WORD_PRESSED,
2438,1743526147,ai.elimu.vitabu.debug,วัน,,WORD_PRESSED,
2437,1743526149,ai.elimu.vitabu.debug,ดี,,WORD_PRESSED,
2436,1743526151,ai.elimu.vitabu.debug,กัน,,WORD_PRESSED,
2435,1743526153,ai.elimu.vitabu.debug,วัน,,WORD_PRESSED,
2434,1743526154,ai.elimu.vitabu.debug,กระรอก,,WORD_PRESSED,
2433,1743526155,ai.elimu.vitabu.debug,ไป,,WORD_PRESSED,
2432,1743526157,ai.elimu.vitabu.debug,กระรอก,,WORD_PRESSED,
2431,1743526159,ai.elimu.vitabu.debug,ไป,,WORD_PRESSED,
2430,1743526163,ai.elimu.vitabu.debug,กระรอก,,WORD_PRESSED,
2429,1743526164,ai.elimu.vitabu.debug,ไป,,WORD_PRESSED,
2428,1743526168,ai.elimu.vitabu.debug,สอง,,WORD_PRESSED,
2427,1743526173,ai.elimu.vitabu.debug,สอง,,WORD_PRESSED,
2426,1743526177,ai.elimu.vitabu.debug,ไป,,WORD_PRESSED,
2425,1743526178,ai.elimu.vitabu.debug,สอง,,WORD_PRESSED,
2424,1743526183,ai.elimu.vitabu.debug,วัน,,WORD_PRESSED,
2423,1743526185,ai.elimu.vitabu.debug,สอง,,WORD_PRESSED,
2422,1743526187,ai.elimu.vitabu.debug,สอง,,WORD_PRESSED,
2421,1743526189,ai.elimu.vitabu.debug,สอง,,WORD_PRESSED,
2420,1743526191,ai.elimu.vitabu.debug,ไป,,WORD_PRESSED,
2419,1743526192,ai.elimu.vitabu.debug,ไป,,WORD_PRESSED,
2418,1743526197,ai.elimu.vitabu.debug,วัน,,WORD_PRESSED,
2417,1743526200,ai.elimu.vitabu.debug,กระรอก,,WORD_PRESSED,
2416,1743526203,ai.elimu.vitabu.debug,ไป,,WORD_PRESSED,
2415,1743526204,ai.elimu.vitabu.debug,กระรอก,,WORD_PRESSED,
2414,1743526264,ai.elimu.vitabu.debug,เพลง,,WORD_PRESSED,
2413,1743526268,ai.elimu.vitabu.debug,กัน,,WORD_PRESSED,
2412,1743526270,ai.elimu.vitabu.debug,เพลง,,WORD_PRESSED,
2411,1743526273,ai.elimu.vitabu.debug,ฉัน,,WORD_PRESSED,
2410,1743526275,ai.elimu.vitabu.debug,ฝน,,WORD_PRESSED,
2409,1743526277,ai.elimu.vitabu.debug,เมฆ,,WORD_PRESSED,
2467,1743587311,ai.elimu.vitabu.debug,วัน,,WORD_PRESSED,
2466,1743587329,ai.elimu.vitabu.debug,ดู,,WORD_PRESSED,
2465,1743587332,ai.elimu.vitabu.debug,มา,,WORD_PRESSED,
2464,1743587334,ai.elimu.vitabu.debug,ดู,,WORD_PRESSED,
2463,1743587336,ai.elimu.vitabu.debug,มา,,WORD_PRESSED,
2462,1743587338,ai.elimu.vitabu.debug,กัน,,WORD_PRESSED,
2461,1743588529,ai.elimu.vitabu.debug,ของ,,WORD_PRESSED,
2460,1743588531,ai.elimu.vitabu.debug,ของ,,WORD_PRESSED,
2459,1743588533,ai.elimu.vitabu.debug,ฉัน,,WORD_PRESSED,
2458,1743589191,ai.elimu.vitabu.debug,หู,,WORD_PRESSED,
2457,1743589193,ai.elimu.vitabu.debug,หู,,WORD_PRESSED,
2456,1743589238,ai.elimu.vitabu.debug,หู,,WORD_PRESSED,
2455,1743589277,ai.elimu.vitabu.debug,หู,,WORD_PRESSED,
2454,1743590156,ai.elimu.vitabu.debug,ของ,,WORD_PRESSED,
2453,1743590158,ai.elimu.vitabu.debug,หู,,WORD_PRESSED,
2452,1743590161,ai.elimu.vitabu.debug,ฉัน,,WORD_PRESSED,
2451,1743596539,ai.elimu.vitabu.debug,วัน,,WORD_PRESSED,
2450,1743596543,ai.elimu.vitabu.debug,วัน,,WORD_PRESSED,
2449,1743596546,ai.elimu.vitabu.debug,วัน,,WORD_PRESSED,
2448,1743596583,ai.elimu.vitabu.debug,ของ,,WORD_PRESSED,
2447,1743596585,ai.elimu.vitabu.debug,ฉัน,,WORD_PRESSED,
2446,1743596596,ai.elimu.vitabu.debug,ผม,,WORD_PRESSED,
2445,1743596599,ai.elimu.vitabu.debug,ผม,,WORD_PRESSED,
2444,1743596612,ai.elimu.vitabu.debug,ฉัน,,WORD_PRESSED,
2443,1743596613,ai.elimu.vitabu.debug,ตา,,WORD_PRESSED,
2442,1743596614,ai.elimu.vitabu.debug,ตา,,WORD_PRESSED,
2441,1743596615,ai.elimu.vitabu.debug,ดู,,WORD_PRESSED,
2440,1743596616,ai.elimu.vitabu.debug,ฉัน,,WORD_PRESSED,
2545,1743661748,ai.elimu.vitabu.debug,ของ,,WORD_PRESSED,
2544,1743661750,ai.elimu.vitabu.debug,ฉัน,,WORD_PRESSED,
2543,1743661756,ai.elimu.vitabu.debug,ผม,,WORD_PRESSED,
2542,1743661757,ai.elimu.vitabu.debug,ฉัน,,WORD_PRESSED,
2541,1743661767,ai.elimu.vitabu.debug,ผม,,WORD_PRESSED,
2540,1743661892,ai.elimu.vitabu.debug,ฉัน,,WORD_PRESSED,
2539,1743662305,ai.elimu.vitabu.debug,ของ,,WORD_PRESSED,
2538,1743662772,ai.elimu.vitabu.debug,ของ,,WORD_PRESSED,
2537,1743663038,ai.elimu.vitabu.debug,ของ,,WORD_PRESSED,
2536,1743663341,ai.elimu.vitabu.debug,ของ,,WORD_PRESSED,
2535,1743663753,ai.elimu.vitabu.debug,ของ,,WORD_PRESSED,
2534,1743663755,ai.elimu.vitabu.debug,ฉัน,,WORD_PRESSED,
2533,1743663762,ai.elimu.vitabu.debug,ฉัน,,WORD_PRESSED,
2532,1743674696,ai.elimu.vitabu.debug,ของ,,WORD_PRESSED,
2531,1743695264,ai.elimu.vitabu.debug,กระรอก,,WORD_PRESSED,
2530,1743695358,ai.elimu.vitabu.debug,สอง,,WORD_PRESSED,
2529,1743695360,ai.elimu.vitabu.debug,กระรอก,,WORD_PRESSED,
2528,1743695361,ai.elimu.vitabu.debug,สอง,,WORD_PRESSED,
2527,1743695364,ai.elimu.vitabu.debug,มา,,WORD_PRESSED,
2526,1743697082,ai.elimu.vitabu.debug,วัน,,WORD_PRESSED,
2525,1743697087,ai.elimu.vitabu.debug,ทาง,,WORD_PRESSED,
2524,1743697092,ai.elimu.vitabu.debug,หิน,,WORD_PRESSED,
2523,1743697097,ai.elimu.vitabu.debug,ทาง,,WORD_PRESSED,
2522,1743697102,ai.elimu.vitabu.debug,ทาง,,WORD_PRESSED,
2521,1743697103,ai.elimu.vitabu.debug,หิน,,WORD_PRESSED,
2520,1743697104,ai.elimu.vitabu.debug,ไป,,WORD_PRESSED,
2519,1743697105,ai.elimu.vitabu.debug,หิน,,WORD_PRESSED,
2518,1743697107,ai.elimu.vitabu.debug,ไป,,WORD_PRESSED,
2517,1743697111,ai.elimu.vitabu.debug,หิน,,WORD_PRESSED,
2516,1743697113,ai.elimu.vitabu.debug,หิน,,WORD_PRESSED,
2515,1743697114,ai.elimu.vitabu.debug,กระรอก,,WORD_PRESSED,
2514,1743697115,ai.elimu.vitabu.debug,ไป,,WORD_PRESSED,
2513,1743697118,ai.elimu.vitabu.debug,หิน,,WORD_PRESSED,
2512,1743697119,ai.elimu.vitabu.debug,หิน,,WORD_PRESSED,
2511,1743697125,ai.elimu.vitabu.debug,ทาง,,WORD_PRESSED,
2510,1743697126,ai.elimu.vitabu.debug,ทาง,,WORD_PRESSED,
2509,1743697134,ai.elimu.vitabu.debug,กระรอก,,WORD_PRESSED,
2508,1743697135,ai.elimu.vitabu.debug,หิน,,WORD_PRESSED,
2507,1743697146,ai.elimu.vitabu.debug,นะ,,WORD_PRESSED,
2506,1743697817,ai.elimu.vitabu.debug,กระรอก,,WORD_PRESSED,
2505,1743697821,ai.elimu.vitabu.debug,วัน,,WORD_PRESSED,
2504,1743697832,ai.elimu.vitabu.debug,หิน,,WORD_PRESSED,
2503,1743697854,ai.elimu.vitabu.debug,ไป,,WORD_PRESSED,
2502,1743697857,ai.elimu.vitabu.debug,นะ,,WORD_PRESSED,
2501,1743697863,ai.elimu.vitabu.debug,นะ,,WORD_PRESSED,
2500,1743697910,ai.elimu.vitabu.debug,ไป,,WORD_PRESSED,
2499,1743697911,ai.elimu.vitabu.debug,กัน,,WORD_PRESSED,
2498,1743697912,ai.elimu.vitabu.debug,ดี,,WORD_PRESSED,
2497,1743697914,ai.elimu.vitabu.debug,ดี,,WORD_PRESSED,
2496,1743698934,ai.elimu.vitabu.debug,จาก,,WORD_PRESSED,
2495,1743698935,ai.elimu.vitabu.debug,จังหวัด,,WORD_PRESSED,
2494,1743698936,ai.elimu.vitabu.debug,มา,,WORD_PRESSED,
2493,1743698940,ai.elimu.vitabu.debug,จังหวัด,,WORD_PRESSED,
2492,1743698942,ai.elimu.vitabu.debug,จาก,,WORD_PRESSED,
2491,1743698943,ai.elimu.vitabu.debug,จังหวัด,,WORD_PRESSED,
2490,1743698946,ai.elimu.vitabu.debug,ไป,,WORD_PRESSED,
2489,1743698947,ai.elimu.vitabu.debug,กัน,,WORD_PRESSED,
2488,1743698948,ai.elimu.vitabu.debug,พวก,,WORD_PRESSED,
2487,1743698951,ai.elimu.vitabu.debug,พวก,,WORD_PRESSED,
2486,1743698952,ai.elimu.vitabu.debug,กัน,,WORD_PRESSED,
2485,1743698953,ai.elimu.vitabu.debug,จังหวัด,,WORD_PRESSED,
2484,1743698954,ai.elimu.vitabu.debug,กัน,,WORD_PRESSED,
2483,1743698955,ai.elimu.vitabu.debug,พวก,,WORD_PRESSED,
2482,1743698957,ai.elimu.vitabu.debug,จังหวัด,,WORD_PRESSED,
2481,1743698959,ai.elimu.vitabu.debug,กัน,,WORD_PRESSED,
2480,1743698960,ai.elimu.vitabu.debug,พวก,,WORD_PRESSED,
2479,1743698963,ai.elimu.vitabu.debug,พวก,,WORD_PRESSED,
2478,1743698971,ai.elimu.vitabu.debug,พวก,,WORD_PRESSED,
2477,1743698973,ai.elimu.vitabu.debug,ไป,,WORD_PRESSED,
2476,1743698984,ai.elimu.vitabu.debug,ไป,,WORD_PRESSED,
2475,1743698985,ai.elimu.vitabu.debug,จังหวัด,,WORD_PRESSED,
2474,1743698988,ai.elimu.vitabu.debug,จาก,,WORD_PRESSED,
2473,1743698989,ai.elimu.vitabu.debug,จังหวัด,,WORD_PRESSED,
2472,1743698990,ai.elimu.vitabu.debug,จาก,,WORD_PRESSED,
2471,1743698991,ai.elimu.vitabu.debug,มา,,WORD_PRESSED,
2470,1743698993,ai.elimu.vitabu.debug,จาก,,WORD_PRESSED,
2469,1743698996,ai.elimu.vitabu.debug,จาก,,WORD_PRESSED,
2468,1743698997,ai.elimu.vitabu.debug,ฉัน,,WORD_PRESSED,
2628,1743700379,ai.elimu.vitabu.debug,สูง,,WORD_PRESSED,
2627,1743700381,ai.elimu.vitabu.debug,หยิบ,,WORD_PRESSED,
2626,1743700382,ai.elimu.vitabu.debug,ฉัน,,WORD_PRESSED,
2625,1743700384,ai.elimu.vitabu.debug,สูง,,WORD_PRESSED,
2624,1743700396,ai.elimu.vitabu.debug,สูง,,WORD_PRESSED,
2623,1743700400,ai.elimu.vitabu.debug,สาว,,WORD_PRESSED,
2622,1743700407,ai.elimu.vitabu.debug,หยิบ,,WORD_PRESSED,
2621,1743700408,ai.elimu.vitabu.debug,ฉัน,,WORD_PRESSED,
2620,1743700421,ai.elimu.vitabu.debug,สูง,,WORD_PRESSED,
2619,1743700424,ai.elimu.vitabu.debug,สูง,,WORD_PRESSED,
2618,1743700433,ai.elimu.vitabu.debug,ชาย,,WORD_PRESSED,
2617,1743700435,ai.elimu.vitabu.debug,หยิบ,,WORD_PRESSED,
2616,1743700436,ai.elimu.vitabu.debug,ฉัน,,WORD_PRESSED,
2615,1743700438,ai.elimu.vitabu.debug,ชาย,,WORD_PRESSED,
2614,1743700465,ai.elimu.vitabu.debug,ชาย,,WORD_PRESSED,
2613,1743700477,ai.elimu.vitabu.debug,ชาย,,WORD_PRESSED,
2612,1743700482,ai.elimu.vitabu.debug,ชาย,,WORD_PRESSED,
2611,1743700487,ai.elimu.vitabu.debug,หมา,,WORD_PRESSED,
2610,1743700489,ai.elimu.vitabu.debug,มา,,WORD_PRESSED,
2609,1743700496,ai.elimu.vitabu.debug,ชาย,,WORD_PRESSED,
2608,1743700498,ai.elimu.vitabu.debug,ชาย,,WORD_PRESSED,
2607,1743700502,ai.elimu.vitabu.debug,ชาย,,WORD_PRESSED,
2606,1743700508,ai.elimu.vitabu.debug,สูง,,WORD_PRESSED,
2605,1743700510,ai.elimu.vitabu.debug,สาว,,WORD_PRESSED,
2604,1743700563,ai.elimu.vitabu.debug,นก,,WORD_PRESSED,
2603,1743700566,ai.elimu.vitabu.debug,นก,,WORD_PRESSED,
2602,1743700567,ai.elimu.vitabu.debug,มัน,,WORD_PRESSED,
2601,1743700571,ai.elimu.vitabu.debug,มัน,,WORD_PRESSED,
2600,1743700573,ai.elimu.vitabu.debug,นก,,WORD_PRESSED,
2599,1743700576,ai.elimu.vitabu.debug,มัน,,WORD_PRESSED,
2598,1743700579,ai.elimu.vitabu.debug,มัน,,WORD_PRESSED,
2597,1743700581,ai.elimu.vitabu.debug,งู,,WORD_PRESSED,
2596,1743700582,ai.elimu.vitabu.debug,มัน,,WORD_PRESSED,
2595,1743700584,ai.elimu.vitabu.debug,นก,,WORD_PRESSED,
2594,1743700587,ai.elimu.vitabu.debug,มี,,WORD_PRESSED,
2593,1743700595,ai.elimu.vitabu.debug,ใน,,WORD_PRESSED,
2592,1743700597,ai.elimu.vitabu.debug,ไป,,WORD_PRESSED,
2591,1743700599,ai.elimu.vitabu.debug,วัน,,WORD_PRESSED,
2590,1743700600,ai.elimu.vitabu.debug,ไป,,WORD_PRESSED,
2589,1743700601,ai.elimu.vitabu.debug,เพลง,,WORD_PRESSED,
2588,1743700602,ai.elimu.vitabu.debug,งาน,,WORD_PRESSED,
2587,1743700603,ai.elimu.vitabu.debug,เพลง,,WORD_PRESSED,
2586,1743700613,ai.elimu.vitabu.debug,ของ,,WORD_PRESSED,
2585,1743700614,ai.elimu.vitabu.debug,เพลง,,WORD_PRESSED,
2584,1743700617,ai.elimu.vitabu.debug,เมฆ,,WORD_PRESSED,
2583,1743700619,ai.elimu.vitabu.debug,กัน,,WORD_PRESSED,
2582,1743700620,ai.elimu.vitabu.debug,นะ,,WORD_PRESSED,
2581,1743700622,ai.elimu.vitabu.debug,เพลง,,WORD_PRESSED,
2580,1743700623,ai.elimu.vitabu.debug,กัน,,WORD_PRESSED,
2579,1743700625,ai.elimu.vitabu.debug,เมฆ,,WORD_PRESSED,
2578,1743700626,ai.elimu.vitabu.debug,ฉัน,,WORD_PRESSED,
2577,1743700627,ai.elimu.vitabu.debug,มา,,WORD_PRESSED,
2576,1743700628,ai.elimu.vitabu.debug,ฝน,,WORD_PRESSED,
2575,1743700629,ai.elimu.vitabu.debug,ฉัน,,WORD_PRESSED,
2574,1743700631,ai.elimu.vitabu.debug,เมฆ,,WORD_PRESSED,
2573,1743700632,ai.elimu.vitabu.debug,เมฆ,,WORD_PRESSED,
2572,1743700633,ai.elimu.vitabu.debug,เพลง,,WORD_PRESSED,
2571,1743700634,ai.elimu.vitabu.debug,เมฆ,,WORD_PRESSED,
2570,1743700637,ai.elimu.vitabu.debug,เมฆ,,WORD_PRESSED,
2569,1743700638,ai.elimu.vitabu.debug,ดู,,WORD_PRESSED,
2568,1743700639,ai.elimu.vitabu.debug,ฝน,,WORD_PRESSED,
2567,1743700640,ai.elimu.vitabu.debug,มา,,WORD_PRESSED,
2566,1743700641,ai.elimu.vitabu.debug,พวก,,WORD_PRESSED,
2565,1743700642,ai.elimu.vitabu.debug,กัน,,WORD_PRESSED,
2564,1743700645,ai.elimu.vitabu.debug,พวก,,WORD_PRESSED,
2563,1743700646,ai.elimu.vitabu.debug,เพลง,,WORD_PRESSED,
2562,1743700647,ai.elimu.vitabu.debug,ฝน,,WORD_PRESSED,
2561,1743700650,ai.elimu.vitabu.debug,คิด,,WORD_PRESSED,
2560,1743700651,ai.elimu.vitabu.debug,คิด,,WORD_PRESSED,
2559,1743700654,ai.elimu.vitabu.debug,ว่า,,WORD_PRESSED,
2558,1743700655,ai.elimu.vitabu.debug,คิด,,WORD_PRESSED,
2557,1743700658,ai.elimu.vitabu.debug,เพลง,,WORD_PRESSED,
2556,1743700660,ai.elimu.vitabu.debug,ฝน,,WORD_PRESSED,
2555,1743700680,ai.elimu.vitabu.debug,กัน,,WORD_PRESSED,
2554,1743700681,ai.elimu.vitabu.debug,นะ,,WORD_PRESSED,
2553,1743700683,ai.elimu.vitabu.debug,เพลง,,WORD_PRESSED,
2552,1743700684,ai.elimu.vitabu.debug,ของ,,WORD_PRESSED,
2551,1743700685,ai.elimu.vitabu.debug,ฉัน,,WORD_PRESSED,
2550,1743700686,ai.elimu.vitabu.debug,มา,,WORD_PRESSED,
2549,1743700687,ai.elimu.vitabu.debug,ฉัน,,WORD_PRESSED,
2548,1743700688,ai.elimu.vitabu.debug,มา,,WORD_PRESSED,
2547,1743733268,ai.elimu.vitabu.debug,ดู,,WORD_PRESSED,
2546,1743770116,ai.elimu.vitabu.debug,วัน,,WORD_PRESSED,
2632,1744163430,ai.elimu.vitabu.debug,ของ,,WORD_PRESSED,
2631,1744163439,ai.elimu.vitabu.debug,ของ,,WORD_PRESSED,
2630,1744163901,ai.elimu.vitabu.debug,ของ,,WORD_PRESSED,
2629,1744164477,ai.elimu.vitabu.debug,ของ,,WORD_PRESSED,
2646,1744279081,ai.elimu.vitabu.debug,ของ,,WORD_PRESSED,
2645,1744280026,ai.elimu.vitabu.debug,ของ,,WORD_PRESSED,
2644,1744280033,ai.elimu.vitabu.debug,ฉัน,,WORD_PRESSED,
2643,1744280039,ai.elimu.vitabu.debug,ของ,,WORD_PRESSED,
2642,1744280042,ai.elimu.vitabu.debug,ฉัน,,WORD_PRESSED,
2641,1744280065,ai.elimu.vitabu.debug,ของ,,WORD_PRESSED,
2640,1744280068,ai.elimu.vitabu.debug,ฉัน,,WORD_PRESSED,
2639,1744280240,ai.elimu.vitabu.debug,ของ,,WORD_PRESSED,
2638,1744280942,ai.elimu.vitabu.debug,ผม,,WORD_PRESSED,
2637,1744280946,ai.elimu.vitabu.debug,ผม,,WORD_PRESSED,
2636,1744280948,ai.elimu.vitabu.debug,ผม,,WORD_PRESSED,
2635,1744280952,ai.elimu.vitabu.debug,ผม,,WORD_PRESSED,
2634,1744280967,ai.elimu.vitabu.debug,ผม,,WORD_PRESSED,
2633,1744281869,ai.elimu.vitabu.debug,ผม,,WORD_PRESSED,
2660,1744364199,ai.elimu.vitabu.debug,ของ,,WORD_PRESSED,
2659,1744364200,ai.elimu.vitabu.debug,ฉัน,,WORD_PRESSED,
2658,1744366838,ai.elimu.vitabu.debug,ของ,,WORD_PRESSED,
2657,1744386682,ai.elimu.vitabu.debug,ดู,,WORD_PRESSED,
2656,1744386688,ai.elimu.vitabu.debug,พวก,,WORD_PRESSED,
2655,1744386689,ai.elimu.vitabu.debug,นะ,,WORD_PRESSED,
2654,1744386693,ai.elimu.vitabu.debug,นก,,WORD_PRESSED,
2653,1744386700,ai.elimu.vitabu.debug,ดี,,WORD_PRESSED,
2652,1744386701,ai.elimu.vitabu.debug,ของ,,WORD_PRESSED,
2651,1744386702,ai.elimu.vitabu.debug,พวก,,WORD_PRESSED,
2650,1744386704,ai.elimu.vitabu.debug,พวก,,WORD_PRESSED,
2649,1744386708,ai.elimu.vitabu.debug,นก,,WORD_PRESSED,
2648,1744386711,ai.elimu.vitabu.debug,นก,,WORD_PRESSED,
2647,1744386713,ai.elimu.vitabu.debug,นก,,WORD_PRESSED,
2661,1744423748,ai.elimu.vitabu.debug,ของ,,WORD_PRESSED,
2667,1744527644,ai.elimu.vitabu.debug,หยิบ,,WORD_PRESSED,
2666,1744527645,ai.elimu.vitabu.debug,สูง,,WORD_PRESSED,
2665,1744544988,ai.elimu.vitabu.debug,วัน,,WORD_PRESSED,
2664,1744544990,ai.elimu.vitabu.debug,ไป,,WORD_PRESSED,
2663,1744544991,ai.elimu.vitabu.debug,มา,,WORD_PRESSED,
2662,1744544993,ai.elimu.vitabu.debug,ดู,,WORD_PRESSED,
2690,1744715412,ai.elimu.vitabu.debug,ดู,,WORD_PRESSED,
2689,1744715421,ai.elimu.vitabu.debug,ลูก,,WORD_PRESSED,
2688,1744715426,ai.elimu.vitabu.debug,หมี,,WORD_PRESSED,
2687,1744715432,ai.elimu.vitabu.debug,ลูก,,WORD_PRESSED,
2686,1744715433,ai.elimu.vitabu.debug,หมี,,WORD_PRESSED,
2685,1744715435,ai.elimu.vitabu.debug,ดู,,WORD_PRESSED,
2684,1744715437,ai.elimu.vitabu.debug,ลูก,,WORD_PRESSED,
2683,1744715438,ai.elimu.vitabu.debug,หมี,,WORD_PRESSED,
2682,1744715441,ai.elimu.vitabu.debug,ว่า,,WORD_PRESSED,
2681,1744715443,ai.elimu.vitabu.debug,หมี,,WORD_PRESSED,
2680,1744715446,ai.elimu.vitabu.debug,ลูก,,WORD_PRESSED,
2679,1744715450,ai.elimu.vitabu.debug,ใน,,WORD_PRESSED,
2678,1744715451,ai.elimu.vitabu.debug,วัน,,WORD_PRESSED,
2677,1744715452,ai.elimu.vitabu.debug,ไป,,WORD_PRESSED,
2676,1744715454,ai.elimu.vitabu.debug,ลูก,,WORD_PRESSED,
2675,1744715455,ai.elimu.vitabu.debug,จักรยาน,,WORD_PRESSED,
2674,1744715456,ai.elimu.vitabu.debug,ไป,,WORD_PRESSED,
2673,1744715458,ai.elimu.vitabu.debug,พวก,,WORD_PRESSED,
2672,1744715459,ai.elimu.vitabu.debug,จาก,,WORD_PRESSED,
2671,1744715460,ai.elimu.vitabu.debug,ไป,,WORD_PRESSED,
2670,1744715462,ai.elimu.vitabu.debug,ทาง,,WORD_PRESSED,
2669,1744715463,ai.elimu.vitabu.debug,จักรยาน,,WORD_PRESSED,
2668,1744715464,ai.elimu.vitabu.debug,ของ,,WORD_PRESSED,
2766,1744791707,ai.elimu.vitabu.debug,ของ,,WORD_PRESSED,
2765,1744791708,ai.elimu.vitabu.debug,ของ,,WORD_PRESSED,
2764,1744791709,ai.elimu.vitabu.debug,ว่า,,WORD_PRESSED,
2763,1744791710,ai.elimu.vitabu.debug,ดี,,WORD_PRESSED,
2762,1744791712,ai.elimu.vitabu.debug,ของ,,WORD_PRESSED,
2761,1744791713,ai.elimu.vitabu.debug,ของ,,WORD_PRESSED,
2760,1744791714,ai.elimu.vitabu.debug,ของ,,WORD_PRESSED,
2759,1744791726,ai.elimu.vitabu.debug,ของ,,WORD_PRESSED,
2758,1744791727,ai.elimu.vitabu.debug,ของ,,WORD_PRESSED,
2757,1744791728,ai.elimu.vitabu.debug,ของ,,WORD_PRESSED,
2756,1744791731,ai.elimu.vitabu.debug,ของ,,WORD_PRESSED,
2755,1744791732,ai.elimu.vitabu.debug,ดู,,WORD_PRESSED,
2754,1744791886,ai.elimu.vitabu.debug,นก,,WORD_PRESSED,
2753,1744791888,ai.elimu.vitabu.debug,พวก,,WORD_PRESSED,
2752,1744791890,ai.elimu.vitabu.debug,ของ,,WORD_PRESSED,
2751,1744792131,ai.elimu.vitabu.debug,ว่า,,WORD_PRESSED,
2750,1744792132,ai.elimu.vitabu.debug,ดี,,WORD_PRESSED,
2749,1744792133,ai.elimu.vitabu.debug,ของ,,WORD_PRESSED,
2748,1744792134,ai.elimu.vitabu.debug,ว่า,,WORD_PRESSED,
2747,1744792135,ai.elimu.vitabu.debug,ว่า,,WORD_PRESSED,
2746,1744792136,ai.elimu.vitabu.debug,ว่า,,WORD_PRESSED,
2745,1744792137,ai.elimu.vitabu.debug,ดี,,WORD_PRESSED,
2744,1744792139,ai.elimu.vitabu.debug,ของ,,WORD_PRESSED,
2743,1744792140,ai.elimu.vitabu.debug,ดู,,WORD_PRESSED,
2742,1744792141,ai.elimu.vitabu.debug,พวก,,WORD_PRESSED,
2741,1744792142,ai.elimu.vitabu.debug,นะ,,WORD_PRESSED,
2740,1744792145,ai.elimu.vitabu.debug,ของ,,WORD_PRESSED,
2739,1744792146,ai.elimu.vitabu.debug,พวก,,WORD_PRESSED,
2738,1744792147,ai.elimu.vitabu.debug,นก,,WORD_PRESSED,
2737,1744792235,ai.elimu.vitabu.debug,ของ,,WORD_PRESSED,
2736,1744792263,ai.elimu.vitabu.debug,ดู,,WORD_PRESSED,
2735,1744792264,ai.elimu.vitabu.debug,พวก,,WORD_PRESSED,
2734,1744792273,ai.elimu.vitabu.debug,ดู,,WORD_PRESSED,
2733,1744792274,ai.elimu.vitabu.debug,ดู,,WORD_PRESSED,
2732,1744792275,ai.elimu.vitabu.debug,ดู,,WORD_PRESSED,
2731,1744792276,ai.elimu.vitabu.debug,พวก,,WORD_PRESSED,
2730,1744792277,ai.elimu.vitabu.debug,พวก,,WORD_PRESSED,
2729,1744792369,ai.elimu.vitabu.debug,ดู,,WORD_PRESSED,
2728,1744792370,ai.elimu.vitabu.debug,ดู,,WORD_PRESSED,
2727,1744792371,ai.elimu.vitabu.debug,ดู,,WORD_PRESSED,
2726,1744792372,ai.elimu.vitabu.debug,ดู,,WORD_PRESSED,
2725,1744792373,ai.elimu.vitabu.debug,พวก,,WORD_PRESSED,
2724,1744792484,ai.elimu.vitabu.debug,ดี,,WORD_PRESSED,
2723,1744792485,ai.elimu.vitabu.debug,ดี,,WORD_PRESSED,
2722,1744792486,ai.elimu.vitabu.debug,ดี,,WORD_PRESSED,
2721,1744792487,ai.elimu.vitabu.debug,ของ,,WORD_PRESSED,
2720,1744792488,ai.elimu.vitabu.debug,ของ,,WORD_PRESSED,
2719,1744792489,ai.elimu.vitabu.debug,นก,,WORD_PRESSED,
2718,1744792490,ai.elimu.vitabu.debug,นก,,WORD_PRESSED,
2717,1744792491,ai.elimu.vitabu.debug,นก,,WORD_PRESSED,
2716,1744792492,ai.elimu.vitabu.debug,นก,,WORD_PRESSED,
2715,1744792493,ai.elimu.vitabu.debug,นก,,WORD_PRESSED,
2714,1744792558,ai.elimu.vitabu.debug,ดู,,WORD_PRESSED,
2713,1744792560,ai.elimu.vitabu.debug,ดู,,WORD_PRESSED,
2712,1744792561,ai.elimu.vitabu.debug,ดู,,WORD_PRESSED,
2711,1744792562,ai.elimu.vitabu.debug,ของ,,WORD_PRESSED,
2710,1744792563,ai.elimu.vitabu.debug,ของ,,WORD_PRESSED,
2709,1744792572,ai.elimu.vitabu.debug,ของ,,WORD_PRESSED,
2708,1744792574,ai.elimu.vitabu.debug,ของ,,WORD_PRESSED,
2707,1744792575,ai.elimu.vitabu.debug,ของ,,WORD_PRESSED,
2706,1744792577,ai.elimu.vitabu.debug,ของ,,WORD_PRESSED,
2705,1744792578,ai.elimu.vitabu.debug,ของ,,WORD_PRESSED,
2704,1744792580,ai.elimu.vitabu.debug,ดู,,WORD_PRESSED,
2703,1744792581,ai.elimu.vitabu.debug,ดู,,WORD_PRESSED,
2702,1744792582,ai.elimu.vitabu.debug,ดู,,WORD_PRESSED,
2701,1744792583,ai.elimu.vitabu.debug,ดู,,WORD_PRESSED,
2700,1744792584,ai.elimu.vitabu.debug,ว่า,,WORD_PRESSED,
2699,1744792586,ai.elimu.vitabu.debug,ของ,,WORD_PRESSED,
2698,1744792623,ai.elimu.vitabu.debug,ของ,,WORD_PRESSED,
2697,1744792626,ai.elimu.vitabu.debug,ของ,,WORD_PRESSED,
2696,1744792627,ai.elimu.vitabu.debug,ของ,,WORD_PRESSED,
2695,1744792629,ai.elimu.vitabu.debug,ของ,,WORD_PRESSED,
2694,1744792630,ai.elimu.vitabu.debug,ของ,,WORD_PRESSED,
2693,1744792631,ai.elimu.vitabu.debug,ของ,,WORD_PRESSED,
2692,1744792633,ai.elimu.vitabu.debug,ดู,,WORD_PRESSED,
2691,1744792634,ai.elimu.vitabu.debug,ดู,,WORD_PRESSED,
2779,1744877811,ai.elimu.vitabu.debug,หมี,,WORD_PRESSED,
2778,1744877814,ai.elimu.vitabu.debug,หมี,,WORD_PRESSED,
2777,1744877815,ai.elimu.vitabu.debug,ลูก,,WORD_PRESSED,
2776,1744877826,ai.elimu.vitabu.debug,ลูก,,WORD_PRESSED,
2775,1744877827,ai.elimu.vitabu.debug,หมี,,WORD_PRESSED,
2774,1744877829,ai.elimu.vitabu.debug,ลูก,,WORD_PRESSED,
2773,1744877830,ai.elimu.vitabu.debug,จักรยาน,,WORD_PRESSED,
2772,1744877871,ai.elimu.vitabu.debug,ของ,,WORD_PRESSED,
2771,1744877872,ai.elimu.vitabu.debug,ฉัน,,WORD_PRESSED,
2770,1744877874,ai.elimu.vitabu.debug,ของ,,WORD_PRESSED,
2769,1744877875,ai.elimu.vitabu.debug,ของ,,WORD_PRESSED,
2768,1744877876,ai.elimu.vitabu.debug,ของ,,WORD_PRESSED,
2767,1744882005,ai.elimu.vitabu.debug,มา,,WORD_PRESSED,
2817,1744955856,ai.elimu.vitabu.debug,กระรอก,,WORD_PRESSED,
2816,1744955859,ai.elimu.vitabu.debug,สอง,,WORD_PRESSED,
2815,1744955862,ai.elimu.vitabu.debug,วัน,,WORD_PRESSED,
2814,1744955863,ai.elimu.vitabu.debug,กระรอก,,WORD_PRESSED,
2813,1744955864,ai.elimu.vitabu.debug,ไป,,WORD_PRESSED,
2812,1744955865,ai.elimu.vitabu.debug,กัน,,WORD_PRESSED,
2811,1744955867,ai.elimu.vitabu.debug,กระรอก,,WORD_PRESSED,
2810,1744955868,ai.elimu.vitabu.debug,ไป,,WORD_PRESSED,
2809,1744955870,ai.elimu.vitabu.debug,กระรอก,,WORD_PRESSED,
2808,1744955871,ai.elimu.vitabu.debug,ไป,,WORD_PRESSED,
2807,1744955872,ai.elimu.vitabu.debug,ของ,,WORD_PRESSED,
2806,1744955875,ai.elimu.vitabu.debug,กระรอก,,WORD_PRESSED,
2805,1744955876,ai.elimu.vitabu.debug,ไป,,WORD_PRESSED,
2804,1744955877,ai.elimu.vitabu.debug,ทาง,,WORD_PRESSED,
2803,1744955879,ai.elimu.vitabu.debug,กระรอก,,WORD_PRESSED,
2802,1744955880,ai.elimu.vitabu.debug,หิน,,WORD_PRESSED,
2801,1744955882,ai.elimu.vitabu.debug,หิน,,WORD_PRESSED,
2800,1744955884,ai.elimu.vitabu.debug,หิน,,WORD_PRESSED,
2799,1744955886,ai.elimu.vitabu.debug,หิน,,WORD_PRESSED,
2798,1744955889,ai.elimu.vitabu.debug,หิน,,WORD_PRESSED,
2797,1744955906,ai.elimu.vitabu.debug,ทาง,,WORD_PRESSED,
2796,1744955929,ai.elimu.vitabu.debug,ทาง,,WORD_PRESSED,
2795,1744955975,ai.elimu.vitabu.debug,กระรอก,,WORD_PRESSED,
2794,1744955976,ai.elimu.vitabu.debug,มา,,WORD_PRESSED,
2793,1744956006,ai.elimu.vitabu.debug,เมฆ,,WORD_PRESSED,
2792,1744956011,ai.elimu.vitabu.debug,นะ,,WORD_PRESSED,
2791,1744956012,ai.elimu.vitabu.debug,เพลง,,WORD_PRESSED,
2790,1744956014,ai.elimu.vitabu.debug,กัน,,WORD_PRESSED,
2789,1744956016,ai.elimu.vitabu.debug,ฝน,,WORD_PRESSED,
2788,1744956018,ai.elimu.vitabu.debug,ฉัน,,WORD_PRESSED,
2787,1744956020,ai.elimu.vitabu.debug,เมฆ,,WORD_PRESSED,
2786,1744956022,ai.elimu.vitabu.debug,เพลง,,WORD_PRESSED,
2785,1744956025,ai.elimu.vitabu.debug,เพลง,,WORD_PRESSED,
2784,1744956029,ai.elimu.vitabu.debug,เมฆ,,WORD_PRESSED,
2783,1744956032,ai.elimu.vitabu.debug,ฝน,,WORD_PRESSED,
2782,1744956034,ai.elimu.vitabu.debug,มา,,WORD_PRESSED,
2781,1744956035,ai.elimu.vitabu.debug,กัน,,WORD_PRESSED,
2780,1744956036,ai.elimu.vitabu.debug,พวก,,WORD_PRESSED,
2833,1745045580,ai.elimu.vitabu.debug,ผอม,,WORD_PRESSED,
2832,1745045586,ai.elimu.vitabu.debug,ผอม,,WORD_PRESSED,
2831,1745045622,ai.elimu.vitabu.debug,ผอม,,WORD_PRESSED,
2830,1745045627,ai.elimu.vitabu.debug,ผอม,,WORD_PRESSED,
2829,1745045631,ai.elimu.vitabu.debug,ผอม,,WORD_PRESSED,
2828,1745045635,ai.elimu.vitabu.debug,ผอม,,WORD_PRESSED,
2827,1745045637,ai.elimu.vitabu.debug,ผอม,,WORD_PRESSED,
2826,1745046613,ai.elimu.vitabu.debug,หมี,,WORD_PRESSED,
2825,1745046616,ai.elimu.vitabu.debug,ลูก,,WORD_PRESSED,
2824,1745046633,ai.elimu.vitabu.debug,วัน,,WORD_PRESSED,
2823,1745046662,ai.elimu.vitabu.debug,จักรยาน,,WORD_PRESSED,
2822,1745046669,ai.elimu.vitabu.debug,จักรยาน,,WORD_PRESSED,
2821,1745046681,ai.elimu.vitabu.debug,จักรยาน,,WORD_PRESSED,
2820,1745046686,ai.elimu.vitabu.debug,จักรยาน,,WORD_PRESSED,
2819,1745056910,ai.elimu.vitabu.debug,ไป,,WORD_PRESSED,
2818,1745056913,ai.elimu.vitabu.debug,ไป,,WORD_PRESSED,
2850,1745159372,ai.elimu.vitabu.debug,ขวา,,WORD_PRESSED,
2849,1745159379,ai.elimu.vitabu.debug,ขวา,,WORD_PRESSED,
2848,1745159403,ai.elimu.vitabu.debug,ขวา,,WORD_PRESSED,
2847,1745159492,ai.elimu.vitabu.debug,ขวา,,WORD_PRESSED,
2846,1745159495,ai.elimu.vitabu.debug,ขวา,,WORD_PRESSED,
2845,1745159497,ai.elimu.vitabu.debug,ขวา,,WORD_PRESSED,
2844,1745159500,ai.elimu.vitabu.debug,ขวา,,WORD_PRESSED,
2843,1745159510,ai.elimu.vitabu.debug,มา,,WORD_PRESSED,
2842,1745159512,ai.elimu.vitabu.debug,มา,,WORD_PRESSED,
2841,1745159518,ai.elimu.vitabu.debug,ขวา,,WORD_PRESSED,
2840,1745159588,ai.elimu.vitabu.debug,ไป,,WORD_PRESSED,
2839,1745159595,ai.elimu.vitabu.debug,ไป,,WORD_PRESSED,
2838,1745159667,ai.elimu.vitabu.debug,ฉัน,,WORD_PRESSED,
2837,1745159669,ai.elimu.vitabu.debug,มี,,WORD_PRESSED,
2836,1745159678,ai.elimu.vitabu.debug,คิด,,WORD_PRESSED,
2835,1745160483,ai.elimu.vitabu.debug,ขวา,,WORD_PRESSED,
2834,1745160505,ai.elimu.vitabu.debug,ไป,,WORD_PRESSED,
2908,1745368469,ai.elimu.vitabu.debug,นอน,,WORD_PRESSED,
2907,1745368474,ai.elimu.vitabu.debug,นอน,,WORD_PRESSED,
2906,1745368480,ai.elimu.vitabu.debug,นอน,,WORD_PRESSED,
2905,1745368483,ai.elimu.vitabu.debug,มัน,,WORD_PRESSED,
2904,1745368494,ai.elimu.vitabu.debug,จะ,,WORD_PRESSED,
2903,1745368498,ai.elimu.vitabu.debug,มา,,WORD_PRESSED,
2902,1745368499,ai.elimu.vitabu.debug,วัน,,WORD_PRESSED,
2901,1745368501,ai.elimu.vitabu.debug,ว่า,,WORD_PRESSED,
2900,1745368505,ai.elimu.vitabu.debug,ดู,,WORD_PRESSED,
2899,1745368511,ai.elimu.vitabu.debug,วัน,,WORD_PRESSED,
2898,1745368515,ai.elimu.vitabu.debug,วัน,,WORD_PRESSED,
2897,1745368517,ai.elimu.vitabu.debug,มา,,WORD_PRESSED,
2896,1745368540,ai.elimu.vitabu.debug,วัน,,WORD_PRESSED,
2895,1745368587,ai.elimu.vitabu.debug,ฉัน,,WORD_PRESSED,
2894,1745368588,ai.elimu.vitabu.debug,ใน,,WORD_PRESSED,
2893,1745368591,ai.elimu.vitabu.debug,ขวา,,WORD_PRESSED,
2892,1745368598,ai.elimu.vitabu.debug,ขวา,,WORD_PRESSED,
2891,1745368602,ai.elimu.vitabu.debug,ขวา,,WORD_PRESSED,
2890,1745368608,ai.elimu.vitabu.debug,ขวา,,WORD_PRESSED,
2889,1745368612,ai.elimu.vitabu.debug,ขวา,,WORD_PRESSED,
2888,1745368613,ai.elimu.vitabu.debug,ขวา,,WORD_PRESSED,
2887,1745368615,ai.elimu.vitabu.debug,ขวา,,WORD_PRESSED,
2886,1745368620,ai.elimu.vitabu.debug,มา,,WORD_PRESSED,
2885,1745368621,ai.elimu.vitabu.debug,มา,,WORD_PRESSED,
2884,1745368623,ai.elimu.vitabu.debug,ไป,,WORD_PRESSED,
2883,1745368626,ai.elimu.vitabu.debug,ไป,,WORD_PRESSED,
2882,1745368628,ai.elimu.vitabu.debug,กัน,,WORD_PRESSED,
2881,1745368636,ai.elimu.vitabu.debug,ฉัน,,WORD_PRESSED,
2880,1745368651,ai.elimu.vitabu.debug,ขวา,,WORD_PRESSED,
2879,1745368716,ai.elimu.vitabu.debug,ยา,,WORD_PRESSED,
2878,1745368720,ai.elimu.vitabu.debug,พวก,,WORD_PRESSED,
2877,1745368724,ai.elimu.vitabu.debug,มัน,,WORD_PRESSED,
2876,1745368727,ai.elimu.vitabu.debug,กิน,,WORD_PRESSED,
2875,1745368731,ai.elimu.vitabu.debug,ของ,,WORD_PRESSED,
2874,1745368733,ai.elimu.vitabu.debug,กิน,,WORD_PRESSED,
2873,1745368736,ai.elimu.vitabu.debug,หวาน,,WORD_PRESSED,
2872,1745368743,ai.elimu.vitabu.debug,หวาน,,WORD_PRESSED,
2871,1745368745,ai.elimu.vitabu.debug,หวาน,,WORD_PRESSED,
2870,1745368747,ai.elimu.vitabu.debug,มากมาย,,WORD_PRESSED,
2869,1745368750,ai.elimu.vitabu.debug,กิน,,WORD_PRESSED,
2868,1745368752,ai.elimu.vitabu.debug,มี,,WORD_PRESSED,
2867,1745368763,ai.elimu.vitabu.debug,ของ,,WORD_PRESSED,
2866,1745368765,ai.elimu.vitabu.debug,ฉัน,,WORD_PRESSED,
2865,1745368767,ai.elimu.vitabu.debug,พวก,,WORD_PRESSED,
2864,1745368769,ai.elimu.vitabu.debug,มัน,,WORD_PRESSED,
2863,1745368771,ai.elimu.vitabu.debug,ของ,,WORD_PRESSED,
2862,1745368775,ai.elimu.vitabu.debug,ฉัน,,WORD_PRESSED,
2861,1745368776,ai.elimu.vitabu.debug,จะ,,WORD_PRESSED,
2860,1745368778,ai.elimu.vitabu.debug,ดู,,WORD_PRESSED,
2859,1745368784,ai.elimu.vitabu.debug,ทาง,,WORD_PRESSED,
2858,1745368789,ai.elimu.vitabu.debug,ทาง,,WORD_PRESSED,
2857,1745368791,ai.elimu.vitabu.debug,ทาง,,WORD_PRESSED,
2856,1745368795,ai.elimu.vitabu.debug,ใน,,WORD_PRESSED,
2855,1745368796,ai.elimu.vitabu.debug,ของ,,WORD_PRESSED,
2854,1745368798,ai.elimu.vitabu.debug,มากมาย,,WORD_PRESSED,
2853,1745368802,ai.elimu.vitabu.debug,มา,,WORD_PRESSED,
2852,1745368805,ai.elimu.vitabu.debug,กัน,,WORD_PRESSED,
2851,1745368808,ai.elimu.vitabu.debug,ผอม,,WORD_PRESSED,
2912,1745471292,ai.elimu.vitabu.debug,ไข่,,WORD_PRESSED,
2911,1745471301,ai.elimu.vitabu.debug,ไข่,,WORD_PRESSED,
2910,1745471303,ai.elimu.vitabu.debug,ไข่,,WORD_PRESSED,
2909,1745471312,ai.elimu.vitabu.debug,ไข่,,WORD_PRESSED,
2917,1745922781,ai.elimu.vitabu.debug,ปลา,,WORD_PRESSED,
2916,1745935653,ai.elimu.vitabu.debug,วัน,,WORD_PRESSED,
2915,1745935718,ai.elimu.vitabu.debug,วัน,,WORD_PRESSED,
2914,1745935721,ai.elimu.vitabu.debug,ดู,,WORD_PRESSED,
2913,1745935731,ai.elimu.vitabu.debug,พัก,,WORD_PRESSED,
2965,1746066407,ai.elimu.vitabu.debug,ปลา,,WORD_PRESSED,
2964,1746066454,ai.elimu.vitabu.debug,ปลา,,WORD_PRESSED,
2963,1746106909,ai.elimu.vitabu.debug,กัน,,WORD_PRESSED,
2962,1746107171,ai.elimu.vitabu.debug,ดู,,WORD_PRESSED,
2961,1746107176,ai.elimu.vitabu.debug,มัน,,WORD_PRESSED,
2960,1746107177,ai.elimu.vitabu.debug,ไป,,WORD_PRESSED,
2959,1746107184,ai.elimu.vitabu.debug,ไป,,WORD_PRESSED,
2958,1746107226,ai.elimu.vitabu.debug,มัน,,WORD_PRESSED,
2957,1746107302,ai.elimu.vitabu.debug,วัน,,WORD_PRESSED,
2956,1746107303,ai.elimu.vitabu.debug,วัน,,WORD_PRESSED,
2955,1746107323,ai.elimu.vitabu.debug,ดี,,WORD_PRESSED,
2954,1746107333,ai.elimu.vitabu.debug,มากมาย,,WORD_PRESSED,
2953,1746107338,ai.elimu.vitabu.debug,มากมาย,,WORD_PRESSED,
2952,1746107343,ai.elimu.vitabu.debug,มัน,,WORD_PRESSED,
2951,1746107458,ai.elimu.vitabu.debug,มัน,,WORD_PRESSED,
2950,1746108252,ai.elimu.vitabu.debug,กระรอก,,WORD_PRESSED,
2949,1746108254,ai.elimu.vitabu.debug,กับ,,WORD_PRESSED,
2948,1746108255,ai.elimu.vitabu.debug,วัน,,WORD_PRESSED,
2947,1746108257,ai.elimu.vitabu.debug,กัน,,WORD_PRESSED,
2946,1746108258,ai.elimu.vitabu.debug,สอง,,WORD_PRESSED,
2945,1746108452,ai.elimu.vitabu.debug,ไป,,WORD_PRESSED,
2944,1746108454,ai.elimu.vitabu.debug,กระรอก,,WORD_PRESSED,
2943,1746108456,ai.elimu.vitabu.debug,ทาง,,WORD_PRESSED,
2942,1746108460,ai.elimu.vitabu.debug,วัน,,WORD_PRESSED,
2941,1746108462,ai.elimu.vitabu.debug,กระรอก,,WORD_PRESSED,
2940,1746108477,ai.elimu.vitabu.debug,หิน,,WORD_PRESSED,
2939,1746108511,ai.elimu.vitabu.debug,มา,,WORD_PRESSED,
2938,1746108512,ai.elimu.vitabu.debug,ทาง,,WORD_PRESSED,
2937,1746108513,ai.elimu.vitabu.debug,มา,,WORD_PRESSED,
2936,1746108515,ai.elimu.vitabu.debug,มา,,WORD_PRESSED,
2935,1746108562,ai.elimu.vitabu.debug,นะ,,WORD_PRESSED,
2934,1746108564,ai.elimu.vitabu.debug,ละ,,WORD_PRESSED,
2933,1746108566,ai.elimu.vitabu.debug,ตัว,,WORD_PRESSED,
2932,1746108757,ai.elimu.vitabu.debug,สอง,,WORD_PRESSED,
2931,1746108769,ai.elimu.vitabu.debug,ดี,,WORD_PRESSED,
2930,1746108771,ai.elimu.vitabu.debug,ดี,,WORD_PRESSED,
2929,1746108773,ai.elimu.vitabu.debug,กัน,,WORD_PRESSED,
2928,1746108781,ai.elimu.vitabu.debug,วัน,,WORD_PRESSED,
2927,1746108782,ai.elimu.vitabu.debug,กระรอก,,WORD_PRESSED,
2926,1746108783,ai.elimu.vitabu.debug,ไป,,WORD_PRESSED,
2925,1746108785,ai.elimu.vitabu.debug,กัน,,WORD_PRESSED,
2924,1746108786,ai.elimu.vitabu.debug,กับ,,WORD_PRESSED,
2923,1746108789,ai.elimu.vitabu.debug,กระรอก,,WORD_PRESSED,
2922,1746108791,ai.elimu.vitabu.debug,จะ,,WORD_PRESSED,
2921,1746108792,ai.elimu.vitabu.debug,ไป,,WORD_PRESSED,
2920,1746108795,ai.elimu.vitabu.debug,สอง,,WORD_PRESSED,
2919,1746108797,ai.elimu.vitabu.debug,ทาง,,WORD_PRESSED,
2918,1746108799,ai.elimu.vitabu.debug,กระรอก,,WORD_PRESSED,
2986,1746176969,ai.elimu.vitabu.debug,ชาย,,WORD_PRESSED,
2985,1746176971,ai.elimu.vitabu.debug,สาว,,WORD_PRESSED,
2984,1746176986,ai.elimu.vitabu.debug,สาว,,WORD_PRESSED,
2983,1746176990,ai.elimu.vitabu.debug,สาว,,WORD_PRESSED,
2982,1746177001,ai.elimu.vitabu.debug,ตัว,,WORD_PRESSED,
2981,1746177006,ai.elimu.vitabu.debug,ฉัน,,WORD_PRESSED,
2980,1746177042,ai.elimu.vitabu.debug,งาน,,WORD_PRESSED,
2979,1746177043,ai.elimu.vitabu.debug,ใน,,WORD_PRESSED,
2978,1746177080,ai.elimu.vitabu.debug,ชาย,,WORD_PRESSED,
2977,1746177096,ai.elimu.vitabu.debug,สาว,,WORD_PRESSED,
2976,1746177099,ai.elimu.vitabu.debug,ของ,,WORD_PRESSED,
2975,1746177100,ai.elimu.vitabu.debug,ฉัน,,WORD_PRESSED,
2974,1746177106,ai.elimu.vitabu.debug,ฉัน,,WORD_PRESSED,
2973,1746177116,ai.elimu.vitabu.debug,สาว,,WORD_PRESSED,
2972,1746177118,ai.elimu.vitabu.debug,ของ,,WORD_PRESSED,
2971,1746177121,ai.elimu.vitabu.debug,ฉัน,,WORD_PRESSED,
2970,1746177122,ai.elimu.vitabu.debug,กวาด,,WORD_PRESSED,
2969,1746177130,ai.elimu.vitabu.debug,หมู,,WORD_PRESSED,
2968,1746177189,ai.elimu.vitabu.debug,ของ,,WORD_PRESSED,
2967,1746177199,ai.elimu.vitabu.debug,กวาด,,WORD_PRESSED,
2966,1746177203,ai.elimu.vitabu.debug,กวาด,,WORD_PRESSED,
3012,1746283502,ai.elimu.vitabu.debug,ตัว,,WORD_PRESSED,
3011,1746283537,ai.elimu.vitabu.debug,ตัว,,WORD_PRESSED,
3010,1746283571,ai.elimu.vitabu.debug,มัน,,WORD_PRESSED,
3009,1746283574,ai.elimu.vitabu.debug,ตัว,,WORD_PRESSED,
3008,1746283582,ai.elimu.vitabu.debug,กับ,,WORD_PRESSED,
3007,1746287038,ai.elimu.vitabu.debug,พวก,,WORD_PRESSED,
3006,1746287042,ai.elimu.vitabu.debug,พวก,,WORD_PRESSED,
3005,1746287046,ai.elimu.vitabu.debug,มัน,,WORD_PRESSED,
3004,1746287069,ai.elimu.vitabu.debug,พวก,,WORD_PRESSED,
3003,1746287077,ai.elimu.vitabu.debug,พวก,,WORD_PRESSED,
3002,1746287107,ai.elimu.vitabu.debug,พวก,,WORD_PRESSED,
3001,1746287332,ai.elimu.vitabu.debug,พวก,,WORD_PRESSED,
3000,1746287359,ai.elimu.vitabu.debug,พวก,,WORD_PRESSED,
2999,1746288495,ai.elimu.vitabu.debug,นะ,,WORD_PRESSED,
2998,1746288498,ai.elimu.vitabu.debug,นะ,,WORD_PRESSED,
2997,1746288510,ai.elimu.vitabu.debug,รอ,,WORD_PRESSED,
2996,1746289591,ai.elimu.vitabu.debug,ดู,,WORD_PRESSED,
2995,1746289841,ai.elimu.vitabu.debug,ลง,,WORD_PRESSED,
2994,1746290506,ai.elimu.vitabu.debug,ของ,,WORD_PRESSED,
2993,1746290509,ai.elimu.vitabu.debug,ฉัน,,WORD_PRESSED,
2992,1746290512,ai.elimu.vitabu.debug,มี,,WORD_PRESSED,
2991,1746290518,ai.elimu.vitabu.debug,ของ,,WORD_PRESSED,
2990,1746290519,ai.elimu.vitabu.debug,ฉัน,,WORD_PRESSED,
2989,1746290521,ai.elimu.vitabu.debug,มี,,WORD_PRESSED,
2988,1746290547,ai.elimu.vitabu.debug,ชาย,,WORD_PRESSED,
2987,1746290557,ai.elimu.vitabu.debug,สาว,,WORD_PRESSED,
3017,1746358955,ai.elimu.vitabu.debug,กิน,,WORD_PRESSED,
3016,1746358958,ai.elimu.vitabu.debug,ชอบ,,WORD_PRESSED,
3015,1746358960,ai.elimu.vitabu.debug,อะไร,,WORD_PRESSED,
3014,1746358968,ai.elimu.vitabu.debug,ชอบ,,WORD_PRESSED,
3013,1746358970,ai.elimu.vitabu.debug,ไป,,WORD_PRESSED,
3018,1746537293,ai.elimu.vitabu.debug,ไข่,,WORD_PRESSED,
3020,1746620486,ai.elimu.vitabu.debug,ฉัน,,WORD_PRESSED,
3019,1746629993,ai.elimu.vitabu.debug,นอน,,WORD_PRESSED,
3061,1746711817,ai.elimu.vitabu.debug,ฉัน,,WORD_PRESSED,
3060,1746711820,ai.elimu.vitabu.debug,มา,,WORD_PRESSED,
3059,1746711821,ai.elimu.vitabu.debug,ฉัน,,WORD_PRESSED,
3058,1746711822,ai.elimu.vitabu.debug,นะ,,WORD_PRESSED,
3057,1746711824,ai.elimu.vitabu.debug,อะไร,,WORD_PRESSED,
3056,1746711860,ai.elimu.vitabu.debug,ตัว,,WORD_PRESSED,
3055,1746712022,ai.elimu.vitabu.debug,ตัว,,WORD_PRESSED,
3054,1746712023,ai.elimu.vitabu.debug,มัน,,WORD_PRESSED,
3053,1746712024,ai.elimu.vitabu.debug,กับ,,WORD_PRESSED,
3052,1746712026,ai.elimu.vitabu.debug,มัน,,WORD_PRESSED,
3051,1746712028,ai.elimu.vitabu.debug,พวก,,WORD_PRESSED,
3050,1746712030,ai.elimu.vitabu.debug,มัน,,WORD_PRESSED,
3049,1746712031,ai.elimu.vitabu.debug,กัน,,WORD_PRESSED,
3048,1746712032,ai.elimu.vitabu.debug,มา,,WORD_PRESSED,
3047,1746712033,ai.elimu.vitabu.debug,วัน,,WORD_PRESSED,
3046,1746712035,ai.elimu.vitabu.debug,วัน,,WORD_PRESSED,
3045,1746712038,ai.elimu.vitabu.debug,ว่า,,WORD_PRESSED,
3044,1746712040,ai.elimu.vitabu.debug,ว่า,,WORD_PRESSED,
3043,1746712041,ai.elimu.vitabu.debug,วัน,,WORD_PRESSED,
3042,1746712043,ai.elimu.vitabu.debug,วัน,,WORD_PRESSED,
3041,1746712060,ai.elimu.vitabu.debug,วัน,,WORD_PRESSED,
3040,1746712061,ai.elimu.vitabu.debug,วัน,,WORD_PRESSED,
3039,1746712063,ai.elimu.vitabu.debug,เรา,,WORD_PRESSED,
3038,1746712064,ai.elimu.vitabu.debug,วัน,,WORD_PRESSED,
3037,1746712066,ai.elimu.vitabu.debug,วัน,,WORD_PRESSED,
3036,1746712069,ai.elimu.vitabu.debug,เธอ,,WORD_PRESSED,
3035,1746712092,ai.elimu.vitabu.debug,ลง,,WORD_PRESSED,
3034,1746712094,ai.elimu.vitabu.debug,ลง,,WORD_PRESSED,
3033,1746712111,ai.elimu.vitabu.debug,มา,,WORD_PRESSED,
3032,1746712806,ai.elimu.vitabu.debug,เธอ,,WORD_PRESSED,
3031,1746712817,ai.elimu.vitabu.debug,หลัง,,WORD_PRESSED,
3030,1746712825,ai.elimu.vitabu.debug,เธอ,,WORD_PRESSED,
3029,1746712826,ai.elimu.vitabu.debug,นะ,,WORD_PRESSED,
3028,1746712828,ai.elimu.vitabu.debug,รอ,,WORD_PRESSED,
3027,1746712832,ai.elimu.vitabu.debug,ฉัน,,WORD_PRESSED,
3026,1746712834,ai.elimu.vitabu.debug,เธอ,,WORD_PRESSED,
3025,1746712835,ai.elimu.vitabu.debug,จะ,,WORD_PRESSED,
3024,1746712837,ai.elimu.vitabu.debug,ดู,,WORD_PRESSED,
3023,1746712840,ai.elimu.vitabu.debug,ลูก,,WORD_PRESSED,
3022,1746712842,ai.elimu.vitabu.debug,ลูก,,WORD_PRESSED,
3021,1746712843,ai.elimu.vitabu.debug,ลง,,WORD_PRESSED,
3079,1746798445,ai.elimu.vitabu.debug,ขวา,,WORD_PRESSED,
3078,1746802037,ai.elimu.vitabu.debug,จาก,,WORD_PRESSED,
3077,1746802041,ai.elimu.vitabu.debug,จาก,,WORD_PRESSED,
3076,1746802045,ai.elimu.vitabu.debug,นะ,,WORD_PRESSED,
3075,1746802053,ai.elimu.vitabu.debug,คือ,,WORD_PRESSED,
3074,1746802056,ai.elimu.vitabu.debug,คือ,,WORD_PRESSED,
3073,1746802063,ai.elimu.vitabu.debug,ทำ,,WORD_PRESSED,
3072,1746802065,ai.elimu.vitabu.debug,ทำ,,WORD_PRESSED,
3071,1746802068,ai.elimu.vitabu.debug,ฉัน,,WORD_PRESSED,
3070,1746802071,ai.elimu.vitabu.debug,นะ,,WORD_PRESSED,
3069,1746802074,ai.elimu.vitabu.debug,นะ,,WORD_PRESSED,
3068,1746802078,ai.elimu.vitabu.debug,มี,,WORD_PRESSED,
3067,1746802141,ai.elimu.vitabu.debug,พวก,,WORD_PRESSED,
3066,1746802144,ai.elimu.vitabu.debug,มาก,,WORD_PRESSED,
3065,1746802147,ai.elimu.vitabu.debug,เลย,,WORD_PRESSED,
3064,1746802157,ai.elimu.vitabu.debug,พวก,,WORD_PRESSED,
3063,1746802158,ai.elimu.vitabu.debug,เรา,,WORD_PRESSED,
3062,1746802160,ai.elimu.vitabu.debug,นะ,,WORD_PRESSED,
3108,1746887480,ai.elimu.vitabu.debug,ตัว,,WORD_PRESSED,
3107,1746887482,ai.elimu.vitabu.debug,อะไร,,WORD_PRESSED,
3106,1746887522,ai.elimu.vitabu.debug,ตัว,,WORD_PRESSED,
3105,1746887525,ai.elimu.vitabu.debug,อะไร,,WORD_PRESSED,
3104,1746887532,ai.elimu.vitabu.debug,ไป,,WORD_PRESSED,
3103,1746887534,ai.elimu.vitabu.debug,นะ,,WORD_PRESSED,
3102,1746887545,ai.elimu.vitabu.debug,นก,,WORD_PRESSED,
3101,1746887553,ai.elimu.vitabu.debug,ปู,,WORD_PRESSED,
3100,1746887612,ai.elimu.vitabu.debug,ปู,,WORD_PRESSED,
3099,1746887617,ai.elimu.vitabu.debug,อะไร,,WORD_PRESSED,
3098,1746887621,ai.elimu.vitabu.debug,อะไร,,WORD_PRESSED,
3097,1746887623,ai.elimu.vitabu.debug,นะ,,WORD_PRESSED,
3096,1746887626,ai.elimu.vitabu.debug,อะไร,,WORD_PRESSED,
3095,1746887628,ai.elimu.vitabu.debug,ตัว,,WORD_PRESSED,
3094,1746887633,ai.elimu.vitabu.debug,และ,,WORD_PRESSED,
3093,1746887635,ai.elimu.vitabu.debug,และ,,WORD_PRESSED,
3092,1746887655,ai.elimu.vitabu.debug,ปู,,WORD_PRESSED,
3091,1746887657,ai.elimu.vitabu.debug,เดิน,,WORD_PRESSED,
3090,1746887660,ai.elimu.vitabu.debug,ไป,,WORD_PRESSED,
3089,1746887676,ai.elimu.vitabu.debug,กัน,,WORD_PRESSED,
3088,1746887677,ai.elimu.vitabu.debug,พวก,,WORD_PRESSED,
3087,1746887679,ai.elimu.vitabu.debug,มัน,,WORD_PRESSED,
3086,1746887681,ai.elimu.vitabu.debug,มัน,,WORD_PRESSED,
3085,1746887686,ai.elimu.vitabu.debug,ทาง,,WORD_PRESSED,
3084,1746887689,ai.elimu.vitabu.debug,ดู,,WORD_PRESSED,
3083,1746887692,ai.elimu.vitabu.debug,ดู,,WORD_PRESSED,
3082,1746887695,ai.elimu.vitabu.debug,มาก,,WORD_PRESSED,
3081,1746887697,ai.elimu.vitabu.debug,มาก,,WORD_PRESSED,
3080,1746887717,ai.elimu.vitabu.debug,งู,,WORD_PRESSED,
3154,1746957668,ai.elimu.vitabu.debug,สวน,,WORD_PRESSED,
3153,1746957675,ai.elimu.vitabu.debug,กัน,,WORD_PRESSED,
3152,1746957677,ai.elimu.vitabu.debug,ไป,,WORD_PRESSED,
3151,1746957679,ai.elimu.vitabu.debug,เลย,,WORD_PRESSED,
3150,1746957682,ai.elimu.vitabu.debug,เรา,,WORD_PRESSED,
3149,1746957686,ai.elimu.vitabu.debug,ฉัน,,WORD_PRESSED,
3148,1746957693,ai.elimu.vitabu.debug,ละ,,WORD_PRESSED,
3147,1746957708,ai.elimu.vitabu.debug,ออก,,WORD_PRESSED,
3146,1746972647,ai.elimu.vitabu.debug,กบ,,WORD_PRESSED,
3145,1746972692,ai.elimu.vitabu.debug,ครับ,,WORD_PRESSED,
3144,1746972745,ai.elimu.vitabu.debug,ยัง,,WORD_PRESSED,
3143,1746972758,ai.elimu.vitabu.debug,ไป,,WORD_PRESSED,
3142,1746972761,ai.elimu.vitabu.debug,ไป,,WORD_PRESSED,
3141,1746972765,ai.elimu.vitabu.debug,ยัง,,WORD_PRESSED,
3140,1746972770,ai.elimu.vitabu.debug,ยัง,,WORD_PRESSED,
3139,1746972774,ai.elimu.vitabu.debug,ยัง,,WORD_PRESSED,
3138,1746972779,ai.elimu.vitabu.debug,ยัง,,WORD_PRESSED,
3137,1746972785,ai.elimu.vitabu.debug,ยัง,,WORD_PRESSED,
3136,1746972791,ai.elimu.vitabu.debug,ยัง,,WORD_PRESSED,
3135,1746972793,ai.elimu.vitabu.debug,ยัง,,WORD_PRESSED,
3134,1746972801,ai.elimu.vitabu.debug,คิด,,WORD_PRESSED,
3133,1746972802,ai.elimu.vitabu.debug,ออก,,WORD_PRESSED,
3132,1746972804,ai.elimu.vitabu.debug,มา,,WORD_PRESSED,
3131,1746972806,ai.elimu.vitabu.debug,ไป,,WORD_PRESSED,
3130,1746972808,ai.elimu.vitabu.debug,ไป,,WORD_PRESSED,
3129,1746972812,ai.elimu.vitabu.debug,ไป,,WORD_PRESSED,
3128,1746972819,ai.elimu.vitabu.debug,ยา,,WORD_PRESSED,
3127,1746972850,ai.elimu.vitabu.debug,กบ,,WORD_PRESSED,
3126,1746972851,ai.elimu.vitabu.debug,กบ,,WORD_PRESSED,
3125,1746972853,ai.elimu.vitabu.debug,มา,,WORD_PRESSED,
3124,1746972855,ai.elimu.vitabu.debug,คิด,,WORD_PRESSED,
3123,1746972856,ai.elimu.vitabu.debug,สุข,,WORD_PRESSED,
3122,1746972860,ai.elimu.vitabu.debug,สุข,,WORD_PRESSED,
3121,1746972958,ai.elimu.vitabu.debug,สาม,,WORD_PRESSED,
3120,1746972961,ai.elimu.vitabu.debug,ของ,,WORD_PRESSED,
3119,1746972963,ai.elimu.vitabu.debug,คิด,,WORD_PRESSED,
3118,1746972965,ai.elimu.vitabu.debug,และ,,WORD_PRESSED,
3117,1746972966,ai.elimu.vitabu.debug,เลย,,WORD_PRESSED,
3116,1746972976,ai.elimu.vitabu.debug,ตัว,,WORD_PRESSED,
3115,1746972979,ai.elimu.vitabu.debug,ยา,,WORD_PRESSED,
3114,1746972981,ai.elimu.vitabu.debug,ทำ,,WORD_PRESSED,
3113,1746972982,ai.elimu.vitabu.debug,ยา,,WORD_PRESSED,
3112,1746972988,ai.elimu.vitabu.debug,ฝน,,WORD_PRESSED,
3111,1746973032,ai.elimu.vitabu.debug,กิน,,WORD_PRESSED,
3110,1746973033,ai.elimu.vitabu.debug,กิน,,WORD_PRESSED,
3109,1746973050,ai.elimu.vitabu.debug,พูด,,WORD_PRESSED,
3189,1747405109,ai.elimu.vitabu.debug,หวาน,,WORD_PRESSED,
3188,1747405215,ai.elimu.vitabu.debug,มัน,,WORD_PRESSED,
3187,1747405234,ai.elimu.vitabu.debug,แพง,,WORD_PRESSED,
3186,1747405236,ai.elimu.vitabu.debug,แพง,,WORD_PRESSED,
3185,1747405238,ai.elimu.vitabu.debug,แพง,,WORD_PRESSED,
3184,1747405239,ai.elimu.vitabu.debug,แพง,,WORD_PRESSED,
3183,1747405241,ai.elimu.vitabu.debug,แพง,,WORD_PRESSED,
3182,1747405242,ai.elimu.vitabu.debug,แพง,,WORD_PRESSED,
3181,1747405244,ai.elimu.vitabu.debug,พูด,,WORD_PRESSED,
3180,1747405247,ai.elimu.vitabu.debug,ไป,,WORD_PRESSED,
3179,1747405285,ai.elimu.vitabu.debug,มัน,,WORD_PRESSED,
3178,1747405345,ai.elimu.vitabu.debug,เธอ,,WORD_PRESSED,
3177,1747405366,ai.elimu.vitabu.debug,ยีราฟ,,WORD_PRESSED,
3176,1747405407,ai.elimu.vitabu.debug,พูด,,WORD_PRESSED,
3175,1747405409,ai.elimu.vitabu.debug,แพง,,WORD_PRESSED,
3174,1747405411,ai.elimu.vitabu.debug,ยีราฟ,,WORD_PRESSED,
3173,1747405536,ai.elimu.vitabu.debug,กิน,,WORD_PRESSED,
3172,1747405617,ai.elimu.vitabu.debug,สอง,,WORD_PRESSED,
3171,1747405645,ai.elimu.vitabu.debug,และ,,WORD_PRESSED,
3170,1747405647,ai.elimu.vitabu.debug,จาก,,WORD_PRESSED,
3169,1747405650,ai.elimu.vitabu.debug,ใน,,WORD_PRESSED,
3168,1747405652,ai.elimu.vitabu.debug,มัน,,WORD_PRESSED,
3167,1747405657,ai.elimu.vitabu.debug,กลับ,,WORD_PRESSED,
3166,1747405659,ai.elimu.vitabu.debug,และ,,WORD_PRESSED,
3165,1747405673,ai.elimu.vitabu.debug,ลิง,,WORD_PRESSED,
3164,1747405723,ai.elimu.vitabu.debug,ลิง,,WORD_PRESSED,
3163,1747405754,ai.elimu.vitabu.debug,ใน,,WORD_PRESSED,
3162,1747405757,ai.elimu.vitabu.debug,มัน,,WORD_PRESSED,
3161,1747405760,ai.elimu.vitabu.debug,มี,,WORD_PRESSED,
3160,1747405806,ai.elimu.vitabu.debug,ลิง,,WORD_PRESSED,
3159,1747405809,ai.elimu.vitabu.debug,ลิง,,WORD_PRESSED,
3158,1747405822,ai.elimu.vitabu.debug,ของ,,WORD_PRESSED,
3157,1747405974,ai.elimu.vitabu.debug,มัน,,WORD_PRESSED,
3156,1747406529,ai.elimu.vitabu.debug,เสียง,,WORD_PRESSED,
3155,1747406534,ai.elimu.vitabu.debug,เสียง,,WORD_PRESSED,
3194,1747649421,ai.elimu.vitabu.debug,เสียง,,WORD_PRESSED,
3193,1747649425,ai.elimu.vitabu.debug,เสียง,,WORD_PRESSED,
3192,1747649428,ai.elimu.vitabu.debug,เสียง,,WORD_PRESSED,
3191,1747649433,ai.elimu.vitabu.debug,วัว,,WORD_PRESSED,
3190,1747649437,ai.elimu.vitabu.debug,วัว,,WORD_PRESSED,
3198,1748251463,ai.elimu.vitabu.debug,มัน,,WORD_PRESSED,
3197,1748251464,ai.elimu.vitabu.debug,ไป,,WORD_PRESSED,
3196,1748252203,ai.elimu.vitabu.debug,ลิง,,WORD_PRESSED,
3195,1748252205,ai.elimu.vitabu.debug,ของ,,WORD_PRESSED,
3203,1748945064,ai.elimu.vitabu.debug,หวาน,,WORD_PRESSED,
3202,1748945066,ai.elimu.vitabu.debug,มี,,WORD_PRESSED,
3201,1748945068,ai.elimu.vitabu.debug,มา,,WORD_PRESSED,
3200,1748945070,ai.elimu.vitabu.debug,พูด,,WORD_PRESSED,
3199,1748945071,ai.elimu.vitabu.debug,แพง,,WORD_PRESSED,
3206,1749023774,ai.elimu.vitabu.debug,ฉัน,,WORD_PRESSED,
3205,1749023776,ai.elimu.vitabu.debug,จะ,,WORD_PRESSED,
3204,1749023778,ai.elimu.vitabu.debug,เลย,,WORD_PRESSED,
3230,1749136781,ai.elimu.vitabu.debug,ขวา,,WORD_PRESSED,
3229,1749136798,ai.elimu.vitabu.debug,เดิน,,WORD_PRESSED,
3228,1749136800,ai.elimu.vitabu.debug,เดิน,,WORD_PRESSED,
3227,1749136835,ai.elimu.vitabu.debug,ฉัน,,WORD_PRESSED,
3226,1749136836,ai.elimu.vitabu.debug,คิด,,WORD_PRESSED,
3225,1749137946,ai.elimu.vitabu.debug,ของ,,WORD_PRESSED,
3224,1749137948,ai.elimu.vitabu.debug,ฉัน,,WORD_PRESSED,
3223,1749137950,ai.elimu.vitabu.debug,ทำ,,WORD_PRESSED,
3222,1749137951,ai.elimu.vitabu.debug,งาน,,WORD_PRESSED,
3221,1749137954,ai.elimu.vitabu.debug,ใน,,WORD_PRESSED,
3220,1749137956,ai.elimu.vitabu.debug,สวน,,WORD_PRESSED,
3219,1749137966,ai.elimu.vitabu.debug,ของ,,WORD_PRESSED,
3218,1749137969,ai.elimu.vitabu.debug,ฉัน,,WORD_PRESSED,
3217,1749137971,ai.elimu.vitabu.debug,ทำ,,WORD_PRESSED,
3216,1749137976,ai.elimu.vitabu.debug,ใน,,WORD_PRESSED,
3215,1749137980,ai.elimu.vitabu.debug,ครัว,,WORD_PRESSED,
3214,1749137984,ai.elimu.vitabu.debug,ครัว,,WORD_PRESSED,
3213,1749138257,ai.elimu.vitabu.debug,ชาย,,WORD_PRESSED,
3212,1749138814,ai.elimu.vitabu.debug,สุข,,WORD_PRESSED,
3211,1749138845,ai.elimu.vitabu.debug,ของ,,WORD_PRESSED,
3210,1749138847,ai.elimu.vitabu.debug,สุข,,WORD_PRESSED,
3209,1749138869,ai.elimu.vitabu.debug,กัน,,WORD_PRESSED,
3208,1749138884,ai.elimu.vitabu.debug,มี,,WORD_PRESSED,
3207,1749138900,ai.elimu.vitabu.debug,สุข,,WORD_PRESSED,
3280,1749148929,ai.elimu.vitabu.debug,วัน,,WORD_PRESSED,
3279,1749148932,ai.elimu.vitabu.debug,วัน,,WORD_PRESSED,
3278,1749148993,ai.elimu.vitabu.debug,สวย,,WORD_PRESSED,
3277,1749149010,ai.elimu.vitabu.debug,สวย,,WORD_PRESSED,
3276,1749149011,ai.elimu.vitabu.debug,สี,,WORD_PRESSED,
3275,1749149038,ai.elimu.vitabu.debug,เลย,,WORD_PRESSED,
3274,1749149053,ai.elimu.vitabu.debug,เพลง,,WORD_PRESSED,
3273,1749149057,ai.elimu.vitabu.debug,กัน,,WORD_PRESSED,
3272,1749149059,ai.elimu.vitabu.debug,เลย,,WORD_PRESSED,
3271,1749149106,ai.elimu.vitabu.debug,สูง,,WORD_PRESSED,
3270,1749149110,ai.elimu.vitabu.debug,ไป,,WORD_PRESSED,
3269,1749149114,ai.elimu.vitabu.debug,สูง,,WORD_PRESSED,
3268,1749149116,ai.elimu.vitabu.debug,และ,,WORD_PRESSED,
3267,1749149119,ai.elimu.vitabu.debug,กับ,,WORD_PRESSED,
3266,1749149120,ai.elimu.vitabu.debug,สาม,,WORD_PRESSED,
3265,1749149143,ai.elimu.vitabu.debug,คุณ,,WORD_PRESSED,
3264,1749149145,ai.elimu.vitabu.debug,คุณ,,WORD_PRESSED,
3263,1749149151,ai.elimu.vitabu.debug,คน,,WORD_PRESSED,
3262,1749149153,ai.elimu.vitabu.debug,ใคร,,WORD_PRESSED,
3261,1749149164,ai.elimu.vitabu.debug,ใคร,,WORD_PRESSED,
3260,1749149179,ai.elimu.vitabu.debug,ใคร,,WORD_PRESSED,
3259,1749149181,ai.elimu.vitabu.debug,ใคร,,WORD_PRESSED,
3258,1749149196,ai.elimu.vitabu.debug,คุณ,,WORD_PRESSED,
3257,1749149199,ai.elimu.vitabu.debug,ไป,,WORD_PRESSED,
3256,1749149201,ai.elimu.vitabu.debug,ทาง,,WORD_PRESSED,
3255,1749149204,ai.elimu.vitabu.debug,มี,,WORD_PRESSED,
3254,1749149248,ai.elimu.vitabu.debug,คน,,WORD_PRESSED,
3253,1749149250,ai.elimu.vitabu.debug,คน,,WORD_PRESSED,
3252,1749149261,ai.elimu.vitabu.debug,จะ,,WORD_PRESSED,
3251,1749149263,ai.elimu.vitabu.debug,เดิน,,WORD_PRESSED,
3250,1749149291,ai.elimu.vitabu.debug,ไป,,WORD_PRESSED,
3249,1749149294,ai.elimu.vitabu.debug,ไป,,WORD_PRESSED,
3248,1749149296,ai.elimu.vitabu.debug,พัก,,WORD_PRESSED,
3247,1749174032,ai.elimu.vitabu.debug,เสียง,,WORD_PRESSED,
3246,1749174034,ai.elimu.vitabu.debug,ของ,,WORD_PRESSED,
3245,1749228769,ai.elimu.vitabu.debug,ฉัน,,WORD_PRESSED,
3244,1749228773,ai.elimu.vitabu.debug,ถาม,,WORD_PRESSED,
3243,1749228777,ai.elimu.vitabu.debug,ของ,,WORD_PRESSED,
3242,1749228782,ai.elimu.vitabu.debug,ว่า,,WORD_PRESSED,
3241,1749228862,ai.elimu.vitabu.debug,หนู,,WORD_PRESSED,
3240,1749228916,ai.elimu.vitabu.debug,ชาย,,WORD_PRESSED,
3239,1749228923,ai.elimu.vitabu.debug,ฉัน,,WORD_PRESSED,
3238,1749228925,ai.elimu.vitabu.debug,หา,,WORD_PRESSED,
3237,1749228928,ai.elimu.vitabu.debug,ของ,,WORD_PRESSED,
3236,1749228931,ai.elimu.vitabu.debug,ฉัน,,WORD_PRESSED,
3235,1749228934,ai.elimu.vitabu.debug,ตัว,,WORD_PRESSED,
3234,1749228943,ai.elimu.vitabu.debug,เธอ,,WORD_PRESSED,
3233,1749228947,ai.elimu.vitabu.debug,ฉัน,,WORD_PRESSED,
3232,1749228949,ai.elimu.vitabu.debug,หา,,WORD_PRESSED,
3231,1749228964,ai.elimu.vitabu.debug,ฉัน,,WORD_PRESSED,
3328,1749230081,ai.elimu.vitabu.debug,คน,,WORD_PRESSED,
3327,1749230084,ai.elimu.vitabu.debug,คน,,WORD_PRESSED,
3326,1749230093,ai.elimu.vitabu.debug,เธอ,,WORD_PRESSED,
3325,1749230122,ai.elimu.vitabu.debug,เธอ,,WORD_PRESSED,
3324,1749230136,ai.elimu.vitabu.debug,มา,,WORD_PRESSED,
3323,1749230140,ai.elimu.vitabu.debug,ฉัน,,WORD_PRESSED,
3322,1749230141,ai.elimu.vitabu.debug,ฉัน,,WORD_PRESSED,
3321,1749230171,ai.elimu.vitabu.debug,กับ,,WORD_PRESSED,
3320,1749230182,ai.elimu.vitabu.debug,เธอ,,WORD_PRESSED,
3319,1749230200,ai.elimu.vitabu.debug,เธอ,,WORD_PRESSED,
3318,1749230203,ai.elimu.vitabu.debug,ชอบ,,WORD_PRESSED,
3317,1749230206,ai.elimu.vitabu.debug,กิน,,WORD_PRESSED,
3316,1749230210,ai.elimu.vitabu.debug,กิน,,WORD_PRESSED,
3315,1749230215,ai.elimu.vitabu.debug,อะไร,,WORD_PRESSED,
3314,1749230219,ai.elimu.vitabu.debug,อะไร,,WORD_PRESSED,
3313,1749230226,ai.elimu.vitabu.debug,รอ,,WORD_PRESSED,
3312,1749230256,ai.elimu.vitabu.debug,ฉัน,,WORD_PRESSED,
3311,1749230304,ai.elimu.vitabu.debug,เธอ,,WORD_PRESSED,
3310,1749230335,ai.elimu.vitabu.debug,เธอ,,WORD_PRESSED,
3309,1749230389,ai.elimu.vitabu.debug,พูด,,WORD_PRESSED,
3308,1749230392,ai.elimu.vitabu.debug,พูด,,WORD_PRESSED,
3307,1749230476,ai.elimu.vitabu.debug,ว่า,,WORD_PRESSED,
3306,1749230715,ai.elimu.vitabu.debug,สุข,,WORD_PRESSED,
3305,1749230721,ai.elimu.vitabu.debug,สุข,,WORD_PRESSED,
3304,1749230783,ai.elimu.vitabu.debug,บอก,,WORD_PRESSED,
3303,1749230785,ai.elimu.vitabu.debug,บอก,,WORD_PRESSED,
3302,1749230789,ai.elimu.vitabu.debug,กับ,,WORD_PRESSED,
3301,1749230792,ai.elimu.vitabu.debug,ฉัน,,WORD_PRESSED,
3300,1749230797,ai.elimu.vitabu.debug,กระโดด,,WORD_PRESSED,
3299,1749230800,ai.elimu.vitabu.debug,กระโดด,,WORD_PRESSED,
3298,1749230823,ai.elimu.vitabu.debug,ไป,,WORD_PRESSED,
3297,1749231280,ai.elimu.vitabu.debug,มัน,,WORD_PRESSED,
3296,1749231282,ai.elimu.vitabu.debug,มัน,,WORD_PRESSED,
3295,1749231350,ai.elimu.vitabu.debug,กับ,,WORD_PRESSED,
3294,1749231354,ai.elimu.vitabu.debug,นก,,WORD_PRESSED,
3293,1749231357,ai.elimu.vitabu.debug,ตัว,,WORD_PRESSED,
3292,1749231381,ai.elimu.vitabu.debug,กิน,,WORD_PRESSED,
3291,1749231393,ai.elimu.vitabu.debug,ถึง,,WORD_PRESSED,
3290,1749231399,ai.elimu.vitabu.debug,นก,,WORD_PRESSED,
3289,1749231400,ai.elimu.vitabu.debug,ตัว,,WORD_PRESSED,
3288,1749231411,ai.elimu.vitabu.debug,นกยูง,,WORD_PRESSED,
3287,1749231415,ai.elimu.vitabu.debug,นกยูง,,WORD_PRESSED,
3286,1749231455,ai.elimu.vitabu.debug,กำลัง,,WORD_PRESSED,
3285,1749231458,ai.elimu.vitabu.debug,กำลัง,,WORD_PRESSED,
3284,1749231490,ai.elimu.vitabu.debug,ใน,,WORD_PRESSED,
3283,1749231529,ai.elimu.vitabu.debug,งาม,,WORD_PRESSED,
3282,1749231533,ai.elimu.vitabu.debug,งาม,,WORD_PRESSED,
3281,1749231953,ai.elimu.vitabu.debug,คุณ,,WORD_PRESSED,
3344,1749370486,ai.elimu.vitabu.debug,หมี,,WORD_PRESSED,
3343,1749392746,ai.elimu.vitabu.debug,ชอบ,,WORD_PRESSED,
3342,1749392748,ai.elimu.vitabu.debug,จักรยาน,,WORD_PRESSED,
3341,1749392764,ai.elimu.vitabu.debug,วัน,,WORD_PRESSED,
3340,1749392790,ai.elimu.vitabu.debug,วัน,,WORD_PRESSED,
3339,1749392792,ai.elimu.vitabu.debug,วัน,,WORD_PRESSED,
3338,1749392795,ai.elimu.vitabu.debug,วัน,,WORD_PRESSED,
3337,1749392859,ai.elimu.vitabu.debug,ว่า,,WORD_PRESSED,
3336,1749392861,ai.elimu.vitabu.debug,จะ,,WORD_PRESSED,
3335,1749392863,ai.elimu.vitabu.debug,มี,,WORD_PRESSED,
3334,1749392864,ai.elimu.vitabu.debug,มี,,WORD_PRESSED,
3333,1749392867,ai.elimu.vitabu.debug,การ,,WORD_PRESSED,
3332,1749392870,ai.elimu.vitabu.debug,การ,,WORD_PRESSED,
3331,1749392872,ai.elimu.vitabu.debug,มี,,WORD_PRESSED,
3330,1749392873,ai.elimu.vitabu.debug,การ,,WORD_PRESSED,
3329,1749392895,ai.elimu.vitabu.debug,จักรยาน,,WORD_PRESSED,
3345,1749565638,ai.elimu.vitabu.debug,ลูก,,WORD_PRESSED,
3346,1749565641,ai.elimu.vitabu.debug,หมี,,WORD_PRESSED,
3347,1749578523,ai.elimu.vitabu.debug,ไป,,WORD_PRESSED,
3348,1749578717,ai.elimu.vitabu.debug,ไป,,WORD_PRESSED,
3349,1749578722,ai.elimu.vitabu.debug,วัน,,WORD_PRESSED,
3350,1749578727,ai.elimu.vitabu.debug,สวย,,WORD_PRESSED,
3351,1749578732,ai.elimu.vitabu.debug,สวย,,WORD_PRESSED,
3352,1749578737,ai.elimu.vitabu.debug,หนู,,WORD_PRESSED,
3353,1749578741,ai.elimu.vitabu.debug,หนู,,WORD_PRESSED,
3354,1749637147,ai.elimu.vitabu.debug,ดู,,WORD_PRESSED,
3355,1749637149,ai.elimu.vitabu.debug,ดู,,WORD_PRESSED,
3356,1749637305,ai.elimu.vitabu.debug,ทาง,,WORD_PRESSED,
3357,1749637862,ai.elimu.vitabu.debug,อีก,,WORD_PRESSED,
3358,1749637865,ai.elimu.vitabu.debug,คือ,,WORD_PRESSED,
3359,1749637868,ai.elimu.vitabu.debug,วัน,,WORD_PRESSED,
3360,1749637876,ai.elimu.vitabu.debug,วัน,,WORD_PRESSED,
3361,1749637878,ai.elimu.vitabu.debug,เธอ,,WORD_PRESSED,
3362,1749637879,ai.elimu.vitabu.debug,ไป,,WORD_PRESSED,
3464,1749737831,ai.elimu.vitabu.debug,วัน,,WORD_PRESSED,
3465,1749737833,ai.elimu.vitabu.debug,ไป,,WORD_PRESSED,
3466,1749786411,ai.elimu.vitabu.debug,หวาน,,WORD_PRESSED,
3467,1749786414,ai.elimu.vitabu.debug,มี,,WORD_PRESSED,
3468,1749786416,ai.elimu.vitabu.debug,มา,,WORD_PRESSED,
3469,1749786431,ai.elimu.vitabu.debug,มัน,,WORD_PRESSED,
3470,1749786462,ai.elimu.vitabu.debug,มัน,,WORD_PRESSED,
3471,1749786465,ai.elimu.vitabu.debug,แพง,,WORD_PRESSED,
3472,1749786468,ai.elimu.vitabu.debug,ไป,,WORD_PRESSED,
3473,1749786469,ai.elimu.vitabu.debug,นะ,,WORD_PRESSED,
3474,1749786480,ai.elimu.vitabu.debug,พูด,,WORD_PRESSED,
3475,1749786495,ai.elimu.vitabu.debug,เธอ,,WORD_PRESSED,
3476,1749786509,ai.elimu.vitabu.debug,แพง,,WORD_PRESSED,
3477,1749786511,ai.elimu.vitabu.debug,ไป,,WORD_PRESSED,
3478,1749786517,ai.elimu.vitabu.debug,ยีราฟ,,WORD_PRESSED,
3479,1749786520,ai.elimu.vitabu.debug,พูด,,WORD_PRESSED,
3480,1749787804,ai.elimu.vitabu.debug,คิด,,WORD_PRESSED,
3481,1749787807,ai.elimu.vitabu.debug,ดี,,WORD_PRESSED,
3482,1749787808,ai.elimu.vitabu.debug,ดี,,WORD_PRESSED,
3483,1749788137,ai.elimu.vitabu.debug,มัน,,WORD_PRESSED,
3484,1749788228,ai.elimu.vitabu.debug,จาก,,WORD_PRESSED,
3508,1749878758,ai.elimu.vitabu.debug,หวาน,,WORD_PRESSED,
3509,1749878760,ai.elimu.vitabu.debug,มี,,WORD_PRESSED,
3510,1749878767,ai.elimu.vitabu.debug,มา,,WORD_PRESSED,
3511,1749878770,ai.elimu.vitabu.debug,มา,,WORD_PRESSED,
3512,1749878772,ai.elimu.vitabu.debug,มา,,WORD_PRESSED,
3513,1749878774,ai.elimu.vitabu.debug,มา,,WORD_PRESSED,
3514,1749878777,ai.elimu.vitabu.debug,มา,,WORD_PRESSED,
3515,1749878780,ai.elimu.vitabu.debug,มา,,WORD_PRESSED,
3516,1749878788,ai.elimu.vitabu.debug,มา,,WORD_PRESSED,
3517,1749878792,ai.elimu.vitabu.debug,มา,,WORD_PRESSED,
3518,1749878795,ai.elimu.vitabu.debug,มา,,WORD_PRESSED,
3519,1749878807,ai.elimu.vitabu.debug,มัน,,WORD_PRESSED,
3520,1749878811,ai.elimu.vitabu.debug,แพง,,WORD_PRESSED,
3521,1749878813,ai.elimu.vitabu.debug,มัน,,WORD_PRESSED,
3522,1749878814,ai.elimu.vitabu.debug,ไป,,WORD_PRESSED,
3523,1749878815,ai.elimu.vitabu.debug,พูด,,WORD_PRESSED,
3524,1749878816,ai.elimu.vitabu.debug,พูด,,WORD_PRESSED,
3525,1749878823,ai.elimu.vitabu.debug,แพง,,WORD_PRESSED,
3526,1749878825,ai.elimu.vitabu.debug,ดี,,WORD_PRESSED,
3527,1749878826,ai.elimu.vitabu.debug,คิด,,WORD_PRESSED,
3528,1749878828,ai.elimu.vitabu.debug,คิด,,WORD_PRESSED,
3529,1749878829,ai.elimu.vitabu.debug,คิด,,WORD_PRESSED,
3530,1749878830,ai.elimu.vitabu.debug,ดี,,WORD_PRESSED,
3531,1749878831,ai.elimu.vitabu.debug,ลูก,,WORD_PRESSED,
3532,1749878833,ai.elimu.vitabu.debug,ลูก,,WORD_PRESSED,
3533,1749878834,ai.elimu.vitabu.debug,มัน,,WORD_PRESSED,
3534,1749878836,ai.elimu.vitabu.debug,ออก,,WORD_PRESSED,
3535,1749878837,ai.elimu.vitabu.debug,สอง,,WORD_PRESSED,
3536,1749878838,ai.elimu.vitabu.debug,สอง,,WORD_PRESSED,
3537,1749878842,ai.elimu.vitabu.debug,กิน,,WORD_PRESSED,
3538,1749878845,ai.elimu.vitabu.debug,ใน,,WORD_PRESSED,
3539,1749878846,ai.elimu.vitabu.debug,ใน,,WORD_PRESSED,
3540,1749878853,ai.elimu.vitabu.debug,จาก,,WORD_PRESSED,
3541,1749878861,ai.elimu.vitabu.debug,ใน,,WORD_PRESSED,
3542,1749878862,ai.elimu.vitabu.debug,กลับ,,WORD_PRESSED,
3543,1749878867,ai.elimu.vitabu.debug,นก,,WORD_PRESSED,
3544,1749878872,ai.elimu.vitabu.debug,ว่า,,WORD_PRESSED,
3545,1749878874,ai.elimu.vitabu.debug,ออก,,WORD_PRESSED,
3546,1749878875,ai.elimu.vitabu.debug,ไป,,WORD_PRESSED,
3547,1749878876,ai.elimu.vitabu.debug,กิน,,WORD_PRESSED,
3548,1749878877,ai.elimu.vitabu.debug,จะ,,WORD_PRESSED,
3549,1749878878,ai.elimu.vitabu.debug,มัน,,WORD_PRESSED,
3550,1749878880,ai.elimu.vitabu.debug,นก,,WORD_PRESSED,
3551,1749878886,ai.elimu.vitabu.debug,ถึง,,WORD_PRESSED,
3552,1749878887,ai.elimu.vitabu.debug,มี,,WORD_PRESSED,
3553,1749878889,ai.elimu.vitabu.debug,นก,,WORD_PRESSED,
3554,1749878890,ai.elimu.vitabu.debug,สอง,,WORD_PRESSED,
3555,1749878891,ai.elimu.vitabu.debug,กำลัง,,WORD_PRESSED,
3556,1749878892,ai.elimu.vitabu.debug,กำลัง,,WORD_PRESSED,
3557,1749878893,ai.elimu.vitabu.debug,ตัว,,WORD_PRESSED,
3558,1749878894,ai.elimu.vitabu.debug,สอง,,WORD_PRESSED,
3559,1749878895,ai.elimu.vitabu.debug,กำลัง,,WORD_PRESSED,
3560,1749878899,ai.elimu.vitabu.debug,กำลัง,,WORD_PRESSED,
3561,1749878907,ai.elimu.vitabu.debug,ใน,,WORD_PRESSED,
3562,1749878909,ai.elimu.vitabu.debug,นกยูง,,WORD_PRESSED,
3563,1749878910,ai.elimu.vitabu.debug,นกยูง,,WORD_PRESSED,
3564,1749878913,ai.elimu.vitabu.debug,มาก,,WORD_PRESSED,
3565,1749878914,ai.elimu.vitabu.debug,มัน,,WORD_PRESSED,
3566,1749878918,ai.elimu.vitabu.debug,กัน,,WORD_PRESSED,
3567,1749878920,ai.elimu.vitabu.debug,มัน,,WORD_PRESSED,
3568,1749878926,ai.elimu.vitabu.debug,สวย,,WORD_PRESSED,
3569,1749879042,ai.elimu.vitabu.debug,กบ,,WORD_PRESSED,
3570,1749879043,ai.elimu.vitabu.debug,ใคร,,WORD_PRESSED,
3571,1749879052,ai.elimu.vitabu.debug,และ,,WORD_PRESSED,
3572,1749879054,ai.elimu.vitabu.debug,ผม,,WORD_PRESSED,
3573,1749879066,ai.elimu.vitabu.debug,และ,,WORD_PRESSED,
3574,1749879070,ai.elimu.vitabu.debug,ผม,,WORD_PRESSED,
3575,1749879080,ai.elimu.vitabu.debug,และ,,WORD_PRESSED,
3576,1749879095,ai.elimu.vitabu.debug,เวลา,,WORD_PRESSED,
3577,1749879103,ai.elimu.vitabu.debug,ไหม,,WORD_PRESSED,
3578,1749880074,ai.elimu.vitabu.debug,ผม,,WORD_PRESSED,
3596,1749891109,ai.elimu.vitabu.debug,มากมาย,,WORD_PRESSED,
3601,1749921289,ai.elimu.vitabu.debug,พูด,,WORD_PRESSED,
3602,1749921290,ai.elimu.vitabu.debug,ยัง,,WORD_PRESSED,
3603,1749921292,ai.elimu.vitabu.debug,ดี,,WORD_PRESSED,
3604,1749921417,ai.elimu.vitabu.debug,ชอบ,,WORD_PRESSED,
3605,1749921644,ai.elimu.vitabu.debug,ยัง,,WORD_PRESSED,
3606,1749921648,ai.elimu.vitabu.debug,พูด,,WORD_PRESSED,
3607,1749921651,ai.elimu.vitabu.debug,ดี,,WORD_PRESSED,
3608,1749921753,ai.elimu.vitabu.debug,มา,,WORD_PRESSED,
3609,1749921756,ai.elimu.vitabu.debug,หา,,WORD_PRESSED,
3610,1749921764,ai.elimu.vitabu.debug,จะ,,WORD_PRESSED,
3611,1749921774,ai.elimu.vitabu.debug,กับ,,WORD_PRESSED,
3612,1749921796,ai.elimu.vitabu.debug,ดี,,WORD_PRESSED,
3613,1749921831,ai.elimu.vitabu.debug,มา,,WORD_PRESSED,
3614,1749921833,ai.elimu.vitabu.debug,ดู,,WORD_PRESSED,
3615,1749921861,ai.elimu.vitabu.debug,ไป,,WORD_PRESSED,
3616,1749921874,ai.elimu.vitabu.debug,สี,,WORD_PRESSED,
3617,1749921876,ai.elimu.vitabu.debug,สี,,WORD_PRESSED,
3618,1749921932,ai.elimu.vitabu.debug,ดู,,WORD_PRESSED,
3619,1749921935,ai.elimu.vitabu.debug,อีก,,WORD_PRESSED,
3620,1749922076,ai.elimu.vitabu.debug,มา,,WORD_PRESSED,
3621,1749922200,ai.elimu.vitabu.debug,บอก,,WORD_PRESSED,
3622,1749922202,ai.elimu.vitabu.debug,ออก,,WORD_PRESSED,
3623,1749922205,ai.elimu.vitabu.debug,ไป,,WORD_PRESSED,
3624,1749922213,ai.elimu.vitabu.debug,ไป,,WORD_PRESSED,
3625,1749922307,ai.elimu.vitabu.debug,กับ,,WORD_PRESSED,
3626,1749922320,ai.elimu.vitabu.debug,กับ,,WORD_PRESSED,
3627,1750000482,ai.elimu.vitabu.debug,และ,,WORD_PRESSED,
3628,1750000487,ai.elimu.vitabu.debug,และ,,WORD_PRESSED,
3629,1750000491,ai.elimu.vitabu.debug,ของ,,WORD_PRESSED,
3630,1750000493,ai.elimu.vitabu.debug,ฉัน,,WORD_PRESSED,
3631,1750000495,ai.elimu.vitabu.debug,ชาย,,WORD_PRESSED,
3632,1750000498,ai.elimu.vitabu.debug,สาว,,WORD_PRESSED,
3633,1750090833,ai.elimu.vitabu.debug,ของ,,WORD_PRESSED,
3634,1750090836,ai.elimu.vitabu.debug,ฉัน,,WORD_PRESSED,
3635,1750090843,ai.elimu.vitabu.debug,ของ,,WORD_PRESSED,
3636,1750090846,ai.elimu.vitabu.debug,ฉัน,,WORD_PRESSED,
3637,1750090849,ai.elimu.vitabu.debug,มี,,WORD_PRESSED,
3638,1750090857,ai.elimu.vitabu.debug,และ,,WORD_PRESSED,
3639,1750090935,ai.elimu.vitabu.debug,มี,,WORD_PRESSED,
3640,1750090941,ai.elimu.vitabu.debug,สาว,,WORD_PRESSED,
3641,1750090944,ai.elimu.vitabu.debug,และ,,WORD_PRESSED,
3642,1750090946,ai.elimu.vitabu.debug,ตัว,,WORD_PRESSED,
3643,1750090948,ai.elimu.vitabu.debug,ฉัน,,WORD_PRESSED,
3644,1750090951,ai.elimu.vitabu.debug,เอง,,WORD_PRESSED,
3645,1750090966,ai.elimu.vitabu.debug,เอง,,WORD_PRESSED,
3646,1750090969,ai.elimu.vitabu.debug,เอง,,WORD_PRESSED,
3647,1750090978,ai.elimu.vitabu.debug,ของ,,WORD_PRESSED,
3648,1750090995,ai.elimu.vitabu.debug,ของ,,WORD_PRESSED,
3649,1750091002,ai.elimu.vitabu.debug,ฉัน,,WORD_PRESSED,
3650,1750091007,ai.elimu.vitabu.debug,ทำ,,WORD_PRESSED,
3651,1750091011,ai.elimu.vitabu.debug,งาน,,WORD_PRESSED,
3652,1750091013,ai.elimu.vitabu.debug,ใน,,WORD_PRESSED,
3653,1750091015,ai.elimu.vitabu.debug,สวน,,WORD_PRESSED,
3654,1750091048,ai.elimu.vitabu.debug,ใน,,WORD_PRESSED,
3655,1750091054,ai.elimu.vitabu.debug,ครัว,,WORD_PRESSED,
3656,1750091057,ai.elimu.vitabu.debug,ครัว,,WORD_PRESSED,
3657,1750091203,ai.elimu.vitabu.debug,สาว,,WORD_PRESSED,
3658,1750091207,ai.elimu.vitabu.debug,สาว,,WORD_PRESSED,
3659,1750091213,ai.elimu.vitabu.debug,สาว,,WORD_PRESSED,
3660,1750091215,ai.elimu.vitabu.debug,ของ,,WORD_PRESSED,
3661,1750091217,ai.elimu.vitabu.debug,ฉัน,,WORD_PRESSED,
3662,1750091341,ai.elimu.vitabu.debug,สาว,,WORD_PRESSED,
3663,1750091344,ai.elimu.vitabu.debug,ของ,,WORD_PRESSED,
3664,1750091345,ai.elimu.vitabu.debug,ฉัน,,WORD_PRESSED,
3665,1750091349,ai.elimu.vitabu.debug,กวาด,,WORD_PRESSED,
3666,1750091409,ai.elimu.vitabu.debug,สวน,,WORD_PRESSED,
3667,1750091411,ai.elimu.vitabu.debug,สวน,,WORD_PRESSED,
3668,1750091435,ai.elimu.vitabu.debug,หมู,,WORD_PRESSED,
3669,1750091441,ai.elimu.vitabu.debug,หมู,,WORD_PRESSED,
3670,1750124986,ai.elimu.vitabu.debug,คุณ,,WORD_PRESSED,
3671,1750124992,ai.elimu.vitabu.debug,คุณ,,WORD_PRESSED,
3672,1750124999,ai.elimu.vitabu.debug,มี,,WORD_PRESSED,
3673,1750125017,ai.elimu.vitabu.debug,สี,,WORD_PRESSED,
3674,1750125047,ai.elimu.vitabu.debug,สวย,,WORD_PRESSED,
3675,1750125200,ai.elimu.vitabu.debug,ดู,,WORD_PRESSED,
3676,1750125414,ai.elimu.vitabu.debug,เลย,,WORD_PRESSED,
3677,1750157191,ai.elimu.vitabu.debug,และ,,WORD_PRESSED,
3678,1750157344,ai.elimu.vitabu.debug,มัน,,WORD_PRESSED,
3679,1750157549,ai.elimu.vitabu.debug,ไป,,WORD_PRESSED,
3680,1750176896,ai.elimu.vitabu.debug,และ,,WORD_PRESSED,
3681,1750177053,ai.elimu.vitabu.debug,เรียน,,WORD_PRESSED,
3682,1750177119,ai.elimu.vitabu.debug,ชอบ,,WORD_PRESSED,
3683,1750210620,ai.elimu.vitabu.debug,ดี,,WORD_PRESSED,
3684,1750210630,ai.elimu.vitabu.debug,ชอบ,,WORD_PRESSED,
3685,1750210637,ai.elimu.vitabu.debug,ชอบ,,WORD_PRESSED,
3686,1750210646,ai.elimu.vitabu.debug,ดี,,WORD_PRESSED,
3687,1750210903,ai.elimu.vitabu.debug,ดี,,WORD_PRESSED,
3688,1750230240,ai.elimu.vitabu.debug,เดิน,,WORD_PRESSED,
3689,1750230272,ai.elimu.vitabu.debug,ลูก,,WORD_PRESSED,
3690,1750230346,ai.elimu.vitabu.debug,หมี,,WORD_PRESSED,
3691,1750230440,ai.elimu.vitabu.debug,หมี,,WORD_PRESSED,
3692,1750230462,ai.elimu.vitabu.debug,หมี,,WORD_PRESSED,
3693,1750251293,ai.elimu.vitabu.debug,วัน,,WORD_PRESSED,
3694,1750251297,ai.elimu.vitabu.debug,ลูก,,WORD_PRESSED,
3695,1750251298,ai.elimu.vitabu.debug,นก,,WORD_PRESSED,
3696,1750251805,ai.elimu.vitabu.debug,เธอ,,WORD_PRESSED,
3697,1750251810,ai.elimu.vitabu.debug,ไหม,,WORD_PRESSED,
3698,1750251812,ai.elimu.vitabu.debug,ว่า,,WORD_PRESSED,
3699,1750251814,ai.elimu.vitabu.debug,ใคร,,WORD_PRESSED,
3700,1750251816,ai.elimu.vitabu.debug,คือ,,WORD_PRESSED,
3701,1750252150,ai.elimu.vitabu.debug,ไหม,,WORD_PRESSED,
3702,1750252191,ai.elimu.vitabu.debug,เธอ,,WORD_PRESSED,
3703,1750252217,ai.elimu.vitabu.debug,ไหม,,WORD_PRESSED,
3704,1750252221,ai.elimu.vitabu.debug,ว่า,,WORD_PRESSED,
3705,1750252230,ai.elimu.vitabu.debug,ว่า,,WORD_PRESSED,
3706,1750252232,ai.elimu.vitabu.debug,ว่า,,WORD_PRESSED,
3707,1750252259,ai.elimu.vitabu.debug,ใคร,,WORD_PRESSED,
3708,1750252265,ai.elimu.vitabu.debug,ใคร,,WORD_PRESSED,
3709,1750252269,ai.elimu.vitabu.debug,คือ,,WORD_PRESSED,
3710,1750252271,ai.elimu.vitabu.debug,คือ,,WORD_PRESSED,
3711,1750252274,ai.elimu.vitabu.debug,คือ,,WORD_PRESSED,
3712,1750252285,ai.elimu.vitabu.debug,ใคร,,WORD_PRESSED,
3713,1750252286,ai.elimu.vitabu.debug,คือ,,WORD_PRESSED,
